	Name	Location	Cuisine	Meals	Price Level (out of 4)	Rating (out of 6)	Review Count	Page URL	Address	Image URL	General Allergy Score
0	Luovuus kukkii kaaoksesta	Kaartinkaupunki 	International	Dinner	0	5.8	475	/en/place/luovuus-kukkii-kaaoksesta-90397/menu	Pieni Roobertinkatu 13, 00130 Helsinki	https://qul.imgix.net/0685d1bd-cc11-4655-a99a-a793dacf5b38/599871_sld.jpg	Neutral
1	Ravintola MyStuu	Punavuori 	Swiss	Lunch, Dessert, Dinner	0	5.6	295	/en/place/ravintola-my-stuu-98898/menu	Uudenmaankatu 13, 00120 Helsinki	https://qul.imgix.net/8e785a24-7574-4ca0-9bdc-74de95389a8d/679332_sld.jpg	Neutral
2	Gaucho	City Centre 	Brazilian	Dinner	0	5.6	1135	/en/place/gaucho-105125/menu	Aleksanterinkatu 9, 00100 Helsinki	https://qul.imgix.net/2a300fb4-e74e-4d52-b994-1e328767802d/731807_sld.jpg	1.0
3	Finlandia Caviar	City Centre 	Gourmet	Lunch, Dinner	0	5.6	144	/en/place/finlandia-caviar-15896/menu	Eteläranta 20, 00130 Helsinki	https://qul.imgix.net/d0db7c0a-9447-4191-a835-7ec91bc05b6d/641518_sld.jpg	Neutral
4	Restaurant Armenian House	Kamppi 	International	Lunch, Dinner	0	5.6	318	/en/place/armenian-house-55148/menu	Lönnrotinkatu 27, 00180 Helsinki	https://qul.imgix.net/1c51565b-266f-4f42-90bc-20ce2501d9bf/686552_sld.jpg	Neutral
5	The Alley	Kallio 	Fusion	Brunch, Dinner	0	5.6	139	/en/place/the-alley-105859/menu	Fleminginkatu 8, 00530 Helsinki	https://qul.imgix.net/7a610cd1-ae2e-4b10-8334-c2c5bf159224/734636_sld.jpg	Neutral
6	The Butter Boys	Sörnäinen 	International	Lunch, Dessert, Brunch, Dinner	0	5.7	118	/en/place/the-butter-boys-105313/menu	Aallonhalkoja 5, 00540 Helsinki	https://qul.imgix.net/cf984298-0547-42c1-aaff-7b9cdcde5bf7/728727_sld.jpg	Neutral
7	Ravintola KuuKuu	Töölö 	Scandinavian	Lunch, Dessert, Dinner	0	5.5	108	/en/place/ravintola-kuukuu-19730/menu	Museokatu 17, 00100 Helsinki	https://qul.imgix.net/aed4f7bd-181d-49de-a7e1-6aaf78960598/750911_sld.jpg	1.0
8	Daily Dose	Kallio 	Italian	Lunch, Dinner	0	5.6	114	/en/place/daily-dose-62737/menu	Hämeentie 68 C, 00550 Helsinki	https://qul.imgix.net/73d52ff4-e450-40f2-8940-c6eabdc0420c/713709_sld.jpg	Neutral
9	Passio	Kamppi 	Finnish	Dinner	0	5.3	368	/en/place/passio-keittio-ja-baari-59147/menu	Kalevankatu 13, 00100 Helsinki	https://qul.imgix.net/e509623c-b9e4-4420-8159-02f6bdaa9119/490717_sld.jpg	1.0
10	Ravintola Ani	Munkkisaari 	Turkish	Lunch, Dinner	0	5.4	117	/en/place/ravintola-ani-59172/menu	Telakkakatu 2, 00150 Helsinki	https://qul.imgix.net/66bdde52-3e74-4af1-9f2d-bdd80e82bff4/485567_sld.jpg	Neutral
11	Pompier ESPA	Kaartinkaupunki 	International	Lunch, Brunch, Dinner	0	5.5	1374	/en/place/pompier-espa-19553/menu	Eteläesplanadi  8, 00130 Helsinki	https://qul.imgix.net/82b8eb54-9b32-43a4-9021-0a5a29cd13fb/756457_sld.jpg	1.0
12	Gastro Cafe Kallio	Kallio 	European	Lunch, Dinner, Sunday lunch	0	5.6	86	/en/place/gastro-cafe-kallio-92196/menu	Fleminginkatu 7, 00530 Helsinki	https://qul.imgix.net/35fae910-fea1-4557-8935-af639d1df23f/607663_sld.jpg	1.0
13	Georgian Kitchen	Punavuori 	Georgian	Dinner	0	5.5	583	/en/place/georgian-kitchen-63457/menu	Albertinkatu 7, 00150 Helsinki	https://qul.imgix.net/05931b77-04bd-4392-b63d-ff3dedf09455/578371_sld.jpg	1.0
14	Levant Bulevardi	City Centre 	Middle Eastern	Lunch, Dinner	0	5.3	182	/en/place/levant-bulevardi-95447/menu	Bulevardi 15, 00120 Helsinki	https://qul.imgix.net/7115d0e6-cc45-47de-8803-82afdbcb9eb3/637127_sld.jpg	Neutral
15	Three Belly’s Pizza	Töölö 	Pizza	Dinner	0	5.5	278	/en/place/three-bellys-pizza-99263/menu	Töölöntullinkatu 4a, 00250 Helsinki	https://qul.imgix.net/0a2b4912-07ce-4074-8317-02ce8ab2a932/679472_sld.jpg	Neutral
16	Osteria dei Mancini	Punavuori 	Italian	Dessert, Dinner	0	5.4	396	/en/place/osteria-dei-mancini-104058/about	Tehtaankatu 38, 00150 Helsinki	https://qul.imgix.net/8e252626-8378-4076-8783-883b54fd472d/752843_sld.jpg	Neutral
17	Ravintola Kuu	Töölö 	Scandinavian	Dessert, Dinner	0	5.4	219	/en/place/ravintola-kuu-19834/menu	Töölönkatu  27, 00260 Helsinki	https://qul.imgix.net/7f1207ef-d479-4154-bf0d-f938571f3bcf/749563_sld.jpg	Neutral
18	Saiko Robata	Kamppi 	Japanese	Dinner	0	5.5	74	/en/place/saiko-robata-102792/about	Fredrikinkatu 47, 00100 Helsinki	https://qul.imgix.net/e527d4d9-8c65-4a4e-9c24-de1958b3ee6d/706252_sld.jpg	Neutral
19	Rioni Helsinki	Kaartinkaupunki 	Georgian	Lunch, Dinner	0	5.4	1003	/en/place/rioni-helsinki-93704/menu	Kasarmikatu 25, 00130 Helsinki	https://qul.imgix.net/5575a985-5272-4403-a494-53583c67f3cf/619708_sld.jpg	1.0
20	John Scott's Arkadia	City Centre 	International	Lunch, Dinner, Sunday lunch	0	5.4	106	/en/place/john-scotts-arkadia-96592/menu	Salomonkatu 1, 00100 Helsinki	https://qul.imgix.net/0e3f2b89-4e1c-432a-ab5c-ea0dd65da89b/647961_sld.jpg	Neutral
21	Ravintola Muru	City Centre 	French	Dinner	0	5.4	3559	/en/place/ravintola-muru-9646/menu	Fredrikinkatu 41, 00120 Helsinki	https://qul.imgix.net/97c21828-a49e-4355-801c-13dfefec5c49/444727_sld.jpg	0.75
22	Shabu House	Kallio 	Korean	Buffet, Lunch, Dinner	0	5.4	181	/en/place/shabu-house-98117/menu	Hämeentie 31, 00500 Helsinki	https://qul.imgix.net/0ee44dcd-04e5-46cb-bf73-6571714698ea/658977_sld.jpg	Neutral
23	Osteria dei Gusti	Töölö 	Italian	Lunch, Dinner	0	5.3	1286	/en/place/osteria-dei-gusti-94371/menu	Töölönkatu 1, 00100 Helsinki	https://qul.imgix.net/0bf1cd5b-31c4-4636-a6ad-c1edd668991d/663199_sld.jpg	Neutral
24	Lappi Ravintola	City Centre 	Finnish	Dessert, Dinner	0	5.3	1335	/en/place/lappi-ravintola-9753/menu	Annankatu 22, 00100 Helsinki	https://qul.imgix.net/72775efc-4a23-4428-814e-de50e5d6e4ee/414803_sld.jpg	1.0
25	Ravintola Kabuki	Kamppi 	Japanese	Lunch, Dinner	0	5.3	204	/en/place/ravintola-kabuki-64813/menu	Lapinlahdenkatu 12, 00180 Helsinki	https://qul.imgix.net/9c61db80-c793-4d70-8609-b2d0bbd5338c/531747_sld.jpg	0.0
26	Yeastie Boi	Kamppi 	Eat & Drink	Lunch, Dinner	0	5.5	60	/en/place/yeastie-boi-98651/menu	Annankatu 29b, 00100 Helsinki	https://qul.imgix.net/b047b637-ea0a-4696-9ab7-af7170d94d19/663813_sld.jpg	Neutral
27	Ravintola Lehtovaara	Töölö 	International	Lunch, Dinner	0	5.4	1903	/en/place/ravintola-lehtovaara-11619/menu	Mechelininkatu 39, 00250 Helsinki	https://qul.imgix.net/bf2f3a3d-340b-42bc-ae69-465007b1e40e/349110_sld.jpg	1.0
28	Winest	City Centre 	Drinks	Dinner	0	5.3	171	/en/place/winest-101709/menu	Unioninkatu 30, 00100 Helsinki	https://qul.imgix.net/470c596c-f435-479c-8ba6-e4a10107abe3/695770_sld.jpg	Neutral
29	Piccola Trattoria Kalasatama	Kalasatama 	Italian	Lunch, Dinner	0	5.5	82	/en/place/piccola-trattoria-kalasatama-100346/menu	Capellastranden 6, 00580 Helsinki	https://qul.imgix.net/d3ef1894-8920-4f2a-a8d1-0d904a819fa7/679882_sld.jpg	Neutral
30	Oishi 18 Katajanokka	Katajanokka 	Sushi	Lunch, Dinner	0	5.3	238	/en/place/oishi-18-katajanokka-95412/menu	Kruunuvuorenkatu 4, 00160 Helsinki	https://qul.imgix.net/e372e7de-2b74-4655-b029-20c5e2b45804/636422_sld.jpg	Neutral
31	Noodle Story Freda	Kamppi 	Asian	Lunch, Dinner	0	5.4	68	/en/place/noodle-story-freda-94139/menu	Fredrikinkatu 36, 00100 Helsinki	https://qul.imgix.net/5c34b0e3-88c0-4a44-b2f8-99ede45b9638/623625_sld.jpg	Neutral
32	Lie Mi Töölö	Töölö 	Vietnamese	Lunch, Dinner	0	5.3	206	/en/place/lie-mi-toolo-85623/menu	Runeberginkatu 56, 00260 Helsinki	https://qul.imgix.net/6934536a-06bc-4bdd-8f84-1669edf0cee0/633122_sld.jpg	Neutral
33	Oishi 18 Kallio	Kallio 	Sushi	Lunch, Dinner	0	5.3	382	/en/place/oishi-18-kallio-95411/menu	Vaasankatu 18, 00500 Helsinki	https://qul.imgix.net/ad5732c9-7c23-45b7-995d-f8c6bc234e00/636426_sld.jpg	1.0
34	OPPA Korean BBQ Kluuvi	City Centre 	Korean	Lunch, Dinner	0	5.3	198	/en/place/oppa-korean-bbq-kluuvi-93306/menu	Aleksanterinkatu 9, 00100 Helsinki	https://qul.imgix.net/25b87608-226c-4fa7-a75d-a50c40e034ce/618135_sld.jpg	Neutral
35	Oishi 18 Töölö	Töölö 	Sushi	Dinner	0	5.3	320	/en/place/oishi18-toolo-102144/about	Pohjoinen Hesperiankatu 15, 00260 Helsinki	https://qul.imgix.net/c16aeed1-1f27-4aed-b2d3-d0c6fb6ac6c8/696732_sld.jpg	1.0
36	OPPA Korean BBQ Kaisaniemi	Kaisaniemi 	Korean	Dinner	0	5.1	335	/en/place/oppa-korean-bbq-kaisaniemi-93303/menu	Kaisaniemenkatu 3, 00100 Helsinki	https://qul.imgix.net/7dbcf9ad-c3ac-4c96-83c6-ea96bf8ac2a9/615484_sld.jpg	1.0
37	GOODWIN The Steak House	City Centre 	Steak	Lunch, Dessert, Dinner	0	5.2	435	/en/place/goodwin-the-steak-house-33416/menu	Eteläranta 14, 00130 Helsinki	https://qul.imgix.net/78ee1af1-3a7b-476d-929c-e60456733bc5/558000_sld.jpg	Neutral
38	Lie Mi Kamppi	Kamppi 	Vietnamese	Lunch, Dinner	0	5.3	71	/en/place/lie-mi-kamppi-105063/menu	Urho Kekkosen katu 1, 00100 Helsinki	https://qul.imgix.net/a06773bf-e4fd-49fd-98e2-8624e4eb7344/725718_sld.jpg	Neutral
39	Gastro Hub	City Centre 	Georgian	Lunch, Dessert, Dinner	0	5.2	563	/en/place/gastro-hub-101348/menu	Unioninkatu 30, 00100 Helsinki	https://qul.imgix.net/2c89943f-1ae7-47f5-ba46-15cd1ed8bfae/700458_sld.jpg	Neutral
40	Konstan Möljä	Kamppi 	Scandinavian	Buffet	0	5.2	634	/en/place/konstan-molja-86945/menu	Hietalahdenkatu 14, 00180 Helsinki	https://qul.imgix.net/0522a4de-3878-420a-aab3-ca2f1a4d497b/552373_sld.jpg	1.0
41	Ravintola Segreto	Kallio 	Italian	Dinner	0	5.2	473	/en/place/ravintola-segreto-103744/menu	Kaarlenkatu 11, 00530 Helsinki	https://qul.imgix.net/a8a31f5c-22d5-4c6e-ba32-e09f280bef4b/716310_sld.jpg	1.0
42	Alfons Pizza	Ullanlinna 	Pizza	Dinner	0	5.3	85	/en/place/alfons-pizza-102482/menu	Vuorimiehenkatu 35, 00150 Helsinki	https://qul.imgix.net/2b6b0bf3-5f25-4144-8a4c-82949843ed6d/699897_sld.jpg	Neutral
43	Itsudemo Helsinki	Kamppi 	Sushi	Buffet, Lunch, Dessert, Dinner	0	5.2	353	/en/place/itsudemo-helsinki-55099/menu	Salomonkatu 3, 00100 Helsinki	https://qul.imgix.net/9b81d76c-ce25-43ec-a34f-5a351ef24176/458186_sld.jpg	1.0
44	Mizore Sushi & Sticks	Sörnäinen 	Sushi	Lunch, Dinner	0	5.1	257	/en/place/mizore-sushi-sticks-106386/menu	Vilhonvuorenkatu 7-9, 00500 Helsinki	https://qul.imgix.net/bd3ff7c0-022e-4e76-965e-1501f578bcf5/738134_sld.jpg	Neutral
45	Lie Mi Kallio	Kallio 	Vietnamese	Lunch, Dinner	0	5.2	141	/en/place/lie-mi-kallio-64811/about	Siltasaarenkatu 13, 00530 Helsinki	https://qul.imgix.net/f7d60a82-e1d6-4e00-93cb-de9231df582f/531735_sld.jpg	1.0
46	Ravintola Domo	City Centre 	Japanese	Lunch, Dessert, Dinner	0	5.2	114	/en/place/ravintola-domo-9985/menu	Kalevankatu 21, 00100 Helsinki	https://qul.imgix.net/8e880031-46c4-46f4-90a6-dd5fd3956509/367318_sld.jpg	Neutral
47	Ravintola Pastis	Kaartinkaupunki 	French	Lunch, Dessert, Dinner	0	5.2	1953	/en/place/ravintola-pastis-9647/about	Pieni Roobertinkatu 2, 00130 Helsinki	https://qul.imgix.net/a3b22e23-656d-4580-8b39-8554ae5dc64c/444722_sld.jpg	1.0
48	Be My Guest	Jätkäsaari 	Vietnamese	Lunch, Dinner	0	5.3	65	/en/place/be-my-guest-90739/menu	Välimerenkatu 14, 00220 Helsinki	https://qul.imgix.net/037940f3-b100-4785-8eef-b695f6bb74df/588666_sld.jpg	Neutral
49	Locanda Scappi	Katajanokka 	Italian	Breakfast, Lunch, Dinner	0	5.2	1370	/en/place/locanda-scappi-56071/menu	Kanavakatu 1, 00160 Helsinki	https://qul.imgix.net/941d01a0-ca92-4a78-ab74-01548ee80f78/740917_sld.jpg	1.0
50	Retro Enoteca	Kaisaniemi 	Italian	Dinner	0	5.1	215	/en/place/retro-enoteca-103875/menu	Vuorikatu 16, 00100 Helsinki	https://qul.imgix.net/ff329283-3ddd-4c31-8534-671cf897685d/767291_sld.jpg	Neutral
51	Vibami - Vietnamese Kitchen	City Centre 	Vietnamese	Lunch, Dinner	0	5.2	71	/en/place/vibami-vietnamese-kitchen-94863/menu	Kluuvi Shopping Centre, Yliopistonkatu 6, 00100 Helsinki	https://qul.imgix.net/a51d34b0-e522-466a-b655-efb121039755/675563_sld.jpg	Neutral
52	Mauritz	Munkkiniemi 	European	Lunch, Dinner	0	5.4	548	/en/place/mauritz-94400/menu	Munkkiniemen puistotie 17, 00330 Helsinki	https://qul.imgix.net/eb6614bb-f2c0-470c-af82-15700925fd0b/626139_sld.jpg	Neutral
53	Ravintola Carelia	Töölö 	French	Dessert, Dinner	0	5.1	111	/en/place/ravintola-carelia-9774/about	Mannerheimintie 56, 00260 Helsinki	https://qul.imgix.net/53b18c26-bb7e-4532-9f2c-c31c50384e17/768637_sld.jpg	1.0
54	Ristorante Il Trio	Töölö 	Italian	Lunch, Dessert, Dinner	0	5.2	379	/en/place/ristorante-il-trio-54885/menu	Mannerheimintie 63, 00250 Helsinki	https://qul.imgix.net/87ba8e68-80d0-4e87-8d61-54e857b99e33/446997_sld.jpg	Neutral
55	The Tart	Kaartinkaupunki 	International	Lunch, Dessert, Dinner	0	5.2	81	/en/place/the-tart-108248/menu	Yrjönkatu 2, 00120 Helsinki	https://qul.imgix.net/1bb78c9e-4d0e-40eb-afa7-17c532dc8151/757045_sld.jpg	1.0
56	Restaurant BRO	Hakaniemi 	Italian	Breakfast, Dessert, Brunch, Dinner	0	5.1	226	/en/place/pizzorante-bro-hilton-strand-63298/menu	John Stenbergin ranta 4, 00530 Helsinki	https://qul.imgix.net/1015bc87-abef-4430-a2c0-37e6090e3be1/758736_sld.jpg	Neutral
57	Bistro Le Coin	Hakaniemi 	French	Lunch, Dinner	0	5.1	608	/en/place/bistro-le-coin-98760/menu	Siltasaarenkatu 10, 00530 Helsinki	https://qul.imgix.net/16a7ea00-d54f-4d14-a013-fdc9bc03d0ab/668085_sld.jpg	Neutral
58	Ravintola Santa Fé Helsinki	City Centre 	Mexican	Lunch, Dinner	0	5.1	559	/en/place/ravintola-santa-fe-30462/menu	Aleksanterinkatu 15, 00100 Helsinki	https://qul.imgix.net/9c69ae30-ae2b-4e44-a8cf-f2f82c7de173/502804_sld.jpg	0.6666666666666666
59	Treffi Verkkosaari	Kalasatama 	Eat & Drink	Lunch, Dinner	0	5.3	93	/en/place/treffi-verkkosaari-103754/menu	Capellanranta 3, 00580 Helsinki	https://qul.imgix.net/2bcd2238-3f27-4d33-bffe-00e770d5c471/713710_sld.jpg	Neutral
60	MorriSon's Helsinki	City Centre 	International	Lunch, Dinner	0	5.1	260	/en/place/morrisons-helsinki-30468/menu	Ateneuminkuja 1, 00100 Helsinki	https://qul.imgix.net/5828644f-54ff-4598-a9c8-161a923e482c/502791_sld.jpg	1.0
61	Il Siciliano Espa	City Centre 	Italian	Lunch, Dessert, Dinner	0	5.1	104	/en/place/il-siciliano-espa-86935/menu	Pohjoisesplanadi 21, 00100 Helsinki	https://qul.imgix.net/4d3228b5-bdcf-4fe2-b9ab-c1be2f157062/672701_sld.jpg	Neutral
62	Viinibaari Apotek / Wine Bar Apotek	Kamppi 	Eat & Drink	Dinner	0	5.4	51	/en/place/viinibaari-apotek-wine-bar-apotek-107481/menu	Lapinlahdenkatu 1, 00180 Helsinki	https://qul.imgix.net/77e6639b-9e32-45fe-9598-a0183438e8c8/749132_sld.jpg	Neutral
63	Marski by Scandic Breakfast	City Centre 	Scandinavian	Breakfast	0	5.1	80	/en/place/marski-scandic-marski-86434/about	Mannerheimintie 10, 00100 Helsinki	https://qul.imgix.net/950f3213-46fd-4133-8d9e-499f4e99b436/546002_sld.jpg	Neutral
64	Kissakahvila Helkatti	Kamppi 	Eat & Drink	Lunch, Cake & Coffee	0	5.0	279	/en/place/kissakahvila-helkatti-106475/menu	Fredrikinkatu 55, 00100 Helsinki	https://qul.imgix.net/aeb327b8-e5be-40d6-a65e-09ad81ada61c/739648_sld.jpg	Neutral
65	Ravintola Georgian Vibe	Sörnäinen 	Georgian	Lunch, Dessert, Dinner	0	5.1	146	/en/place/ravintola-georgian-vibe-88735/menu	Hämeentie 62, 00500 Helsinki	https://qul.imgix.net/e27aac5b-3b1a-4cfb-a864-06388dac2d56/568149_sld.jpg	Neutral
66	Siipiweikot Kamppi	Kamppi 	International	Lunch, Dinner	0	5.5	49	/en/place/siipiweikot-kamppi-100506/menu	Lapinlahdenkatu 3, 00180 Helsinki	https://qul.imgix.net/c41541c3-426b-452b-9b8b-8b1e307896bf/681395_sld.jpg	Neutral
67	Georgian Supra	Sörnäinen 	Georgian	Lunch, Dinner	0	5.7	45	/en/place/georgian-supra-107930/menu	Hameentie 36, 00530 Helsinki	https://qul.imgix.net/c9e3c943-7792-4d62-b0f9-7e216c0f5ab0/752858_sld.jpg	Neutral
68	Pueblo Bar y Taqueria	Kamppi 	Mexican	Dessert, Dinner	0	5.0	392	/en/place/pueblo-bar-y-taqueria-51880/menu	Eerikinkatu 27, 00180 Helsinki	https://qul.imgix.net/0e989742-11a9-485b-a4de-6c61040c2bcf/411055_sld.jpg	0.0
69	Brokadi Tripla	Pasila 	Chinese	Lunch, Dinner	0	5.2	176	/en/place/ravintola-brokadi-tripla-62705/menu	Fredikanterassi 1, 00520 Helsinki	https://qul.imgix.net/f247f18c-3682-4066-ab2d-41176296ce19/625456_sld.jpg	Neutral
70	Capperi - Tripla	Pasila 	Italian	Lunch, Dinner	0	5.2	172	/en/place/capperi-tripla-59082/menu	Fredikanterassi 1, 3 krs, 00520 Helsinki	https://qul.imgix.net/94e50cba-b838-4d15-a4e6-4482305b0bf9/480632_sld.jpg	1.0
71	Ravintola Central	Ullanlinna 	International	Lunch, Dinner	0	5.0	492	/en/place/ravintola-central-60734/menu	Pietarinkatu 15, 00140 Helsinki	https://qul.imgix.net/8552557a-02ca-488d-aa38-c29e589f2b29/720493_sld.jpg	Neutral
72	Mamma Rosa	Töölö 	International	Lunch, Dinner	0	5.0	4842	/en/place/mamma-rosa-24808/menu	Runeberginkatu 55, 00260 Helsinki	https://qul.imgix.net/f90d6362-7ac4-459e-8b36-cd3f16c5db19/630325_sld.jpg	0.7272727272727273
73	Pomo D'Or Hietalahti	Hietalahti 	Italian	Lunch, Dessert, Dinner	0	5.5	46	/en/place/pomo-dor-hietalahti-106599/menu	Hietalahdenranta 11, 00180 Helsinki	https://qul.imgix.net/ea7cc4e1-cd24-4f4e-9dcd-fbc0d51bdde9/740074_sld.jpg	Neutral
74	Meripaviljonki	Hakaniemi 	Seafood	Lunch, Dinner	0	5.0	137	/en/place/meripaviljonki-30392/about	Säästöpankinranta 3, 00530 Helsinki	https://qul.imgix.net/6eb72696-340d-4c11-be24-f3125d42f2fe/742950_sld.jpg	1.0
75	Zaap Isan Thai Streetfood Töölönlahti	City Centre 	Thai	Lunch, Dessert, Dinner	0	5.0	82	/en/place/zaap-isan-thai-streetfood-toolonlahti-98510/about	Töölönlahdenkatu 3, 00100 Helsinki	https://qul.imgix.net/ba28d116-cb0e-4127-a69e-edb95d5c2ef0/662640_sld.jpg	Neutral
76	Alice Italian	Vallila 	Italian	Breakfast, Lunch, Dinner	0	5.0	201	/en/place/alice-italian-48550/about	Konepajankuja 1, 00510 Helsinki	https://qul.imgix.net/493edee9-0246-4e60-b0e7-f0eea2f09395/433180_sld.jpg	0.0
77	Tinku Café Bar	Töölö 	Latin American	Lunch, Dinner, Cake & Coffee	0	5.0	76	/en/place/tinku-cafe-bar-103705/menu	Topeliuksenkatu 1, 00260 Helsinki	https://qul.imgix.net/f07fc75c-b28a-4b04-9f4d-f65e3d0997c1/712999_sld.jpg	Neutral
78	Brasserie Grand	City Centre 	European	Dessert, Dinner	0	4.8	388	/en/place/scandic-grand-central-helsinki-87878/menu	Vilhonkatu 13, 00100 Helsinki	https://qul.imgix.net/98709c92-a22e-4c4a-9458-36d0feee7949/564641_sld.jpg	1.0
79	Victors Krog	Eteläranta 	Finnish	Lunch, Dinner	0	5.1	61	/en/place/victors-krog-107015/menu	Eteläranta 16, 00130 Helsinki	https://qul.imgix.net/07a8c965-1560-496d-a56a-51e3dc942fd8/749486_sld.jpg	Neutral
80	Version	Kaartinkaupunki 	Eat & Drink	Breakfast, Lunch, Dinner	0	4.9	312	/en/place/version-89835/menu	Unioninkatu 14, 00130 Helsinki	https://qul.imgix.net/2848fc22-b018-4c8f-b302-5f0e94bb211f/670488_sld.jpg	Neutral
81	Vinolito Wine & Tapas	Kallio 	Eat & Drink	Tapas, Dessert	0	5.1	66	/en/place/vinolito-wine-tapas-98939/about	Hämeentie 26, 00530 Helsinki	https://qul.imgix.net/8ebd0544-1766-4b0f-bfd3-c8c5d390eb57/666671_sld.jpg	Neutral
82	Block By Dylan	City Centre 	International	Breakfast, Buffet, Lunch, Brunch	0	4.9	946	/en/place/block-by-dylan-16710/menu	Eteläranta  18, 00130 Helsinki	https://qul.imgix.net/5e5a9161-b247-4f69-ae01-29afba062569/368249_sld.jpg	0.8333333333333334
83	Lie Mi Bulevardi	City Centre 	Vietnamese	Lunch, Dinner	0	4.9	268	/en/place/lie-mi-bulevardi-64812/menu	Bulevardi 21, 00100 Helsinki	https://qul.imgix.net/f30424ef-1c9e-4251-9b72-27ef713fbd1a/531741_sld.jpg	Neutral
84	Kuusi Palaa	City Centre 	Nordic	Dessert, Dinner	0	4.8	388	/en/place/ravintola-kuusi-palaa-scandic-marski-63294/menu	Mannerheimintie 10, 00100 Helsinki	https://qul.imgix.net/31c94469-0b7b-4a26-8c2c-feb50481fe28/526447_sld.jpg	0.6666666666666666
85	Cafe Bar No 9	Punavuori 	International	Lunch, Dinner	0	4.9	117	/en/place/cafe-bar-no-9-94429/menu	Uudenmaankatu 9, 00120 Helsinki	https://qul.imgix.net/deb6d05f-7645-48dd-8164-e652530701d3/626450_sld.jpg	Neutral
86	Panimoravintola Viisi Penniä	Töölö 	Scandinavian	Lunch, Dessert, Dinner	0	5.0	491	/en/place/panimoravintola-viisi-pennia-27826/menu	Mannerheimintie 55, 00250 Helsinki	https://qul.imgix.net/2e6d3698-4b9f-4f7b-a659-11e980b90ba7/570782_sld.jpg	Neutral
87	Viikinkiravintola Harald - Helsinki	City Centre 	European	Lunch, Dinner	0	4.9	1236	/en/place/viikinkiravintola-harald-helsinki-49972/about	Aleksanterinkatu 21, 00100 Helsinki	https://qul.imgix.net/d05e38f9-f8c1-4f80-95ed-48e7804d6ee0/391902_sld.jpg	1.0
88	Relove Stockmann Helsinki	City Centre 	European	Breakfast, Lunch, Dessert, Brunch	0	4.9	73	/en/place/relove-stockmann-helsinki-95230/menu	Aleksanterinkatu 52, 00100 Helsinki	https://qul.imgix.net/c5624aea-7a72-4994-a1f7-3012ad1a903e/634442_sld.jpg	0.5
89	Il Centro - Scandic Helsinki Hub	City Centre 	Italian	Lunch, Dinner	0	4.7	165	/en/place/il-centro-scandic-helsinki-hub-93643/menu	Annankatu 18, 00120 Helsinki	https://qul.imgix.net/b74c8c1e-40eb-4d81-a39d-1521cca96e87/648483_sld.jpg	Neutral
90	Ateneum Bistro	City Centre 	International	Lunch, Cake & Coffee	0	4.8	499	/en/place/ravintola-ateneum-28610/menu	Kaivokatu 2, 00100 Helsinki	https://qul.imgix.net/8409317e-b51d-4aef-9ad1-bf8a65526db5/359523_sld.jpg	1.0
91	Kahvila Rakastan	City Centre 	Cake & Coffee	Breakfast, Lunch, Brunch, Cake & Coffee	0	5.0	61	/en/place/kahvila-rakastan-99306/menu	Mannerheimintie 13b, 00100 Helsinki	https://qul.imgix.net/268f8134-7fee-488f-85ea-1c97527c3d41/669411_sld.jpg	1.0
92	Hesperia Restaurant & Bar	Töölö 	Scandinavian	Dessert, Dinner	0	4.8	229	/en/place/hesperia-restaurant-bar-63302/menu	Mannerheimintie 50, 00260 Helsinki	https://qul.imgix.net/bf9ed12f-3ec2-4b6f-b9c1-f6c4d805acd5/577582_sld.jpg	1.0
93	Más	Kamppi 	European	Dessert, Dinner, Cake & Coffee	0	4.7	276	/en/place/restaurant-mas-scandic-simonkentta-63297/menu	Simonkatu 9, 00100 Helsinki	https://qul.imgix.net/7102d001-0910-45d1-9bae-d856c72f7315/527131_sld.jpg	1.0
94	Classic Pizza Forum	City Centre 	Pizza	Lunch, Dessert, Dinner	0	5.0	58	/en/place/classic-pizza-forum-53986/menu	Mannerheimintie 18, 00100 Helsinki	https://qul.imgix.net/d6545582-d979-493b-a1eb-eb8cd2ed88aa/754423_sld.jpg	Neutral
95	Ravintola Töölö	Töölö 	International	Lunch, Dessert, Dinner	0	4.8	89	/en/place/ravintola-toolo-60842/about	Runeberginkatu 14-16, 00100 Helsinki	https://qul.imgix.net/b32c8ff3-aa14-4f49-9a59-fbe6292396f4/619721_sld.jpg	Neutral
96	Ravintola Mullikka	Meilahti 	Burgers	Dinner	0	5.4	47	/en/place/ravintola-mullikka-98440/menu	Mannerheimintie 130, 00270 Helsinki	https://qul.imgix.net/e7afe0b6-75aa-4216-b059-b14d59e3bf2f/661577_sld.jpg	Neutral
97	Ravintola Sunn	City Centre 	Scandinavian	Buffet, Lunch, Dessert, Brunch	0	4.8	1079	/en/place/ravintola-sunn-41043/about	Aleksanterinkatu 26, 00170 Helsinki	https://qul.imgix.net/7e17fcaf-0aaa-434b-ade8-3df15c7928e5/362583_sld.jpg	0.75
98	Southpark	City Centre 	International	Lunch, Brunch, Dinner	0	4.8	696	/en/place/southpark-18882/about	Bulevardi  40, 00120 Helsinki	https://qul.imgix.net/70a07225-b93c-4961-9a71-87e8ac10543e/368674_sld.jpg	0.7142857142857143
99	Da Spizzico	Jätkäsaari 	Italian	Lunch, Dinner	0	5.4	43	/en/place/da-spizzico-100366/menu	Länsisatamankatu 36, 00220 Helsinki	https://qul.imgix.net/95b7f6cc-3363-493b-9049-78c43f46808f/679995_sld.jpg	Neutral
100	Meritorppa	Munkkiniemi 	Scandinavian	Lunch, Dessert, Brunch, Dinner	0	5.0	416	/en/place/meritorppa-hilton-kalastajatorppa-63289/about	Kalastajatorpantie 1, 00330 Helsinki	https://qul.imgix.net/4d595c30-bb0d-4b9c-9f1b-c3d31ff4d2fa/527763_sld.jpg	1.0
101	Skiffer Viiskulma	City Centre 	Pizza	Lunch, Dinner	0	5.2	46	/en/place/skiffer-viiskulma-14682/menu	Laivurinkatu 10, 00150 Helsinki	https://qul.imgix.net/c8c84eea-d760-4df6-9582-ee220e068cf9/616767_sld.jpg	Neutral
102	Bistro O Mat Hakaniemi	Hakaniemi 	European	Lunch, Dinner	0	4.8	123	/en/place/bistro-o-mat-hakaniemi-107887/menu	Toinen linja 7, 00530 Helsinki	https://qul.imgix.net/1018b61b-c236-406d-91ac-1b5381abfec4/752902_sld.jpg	Neutral
103	Makaronitehdas Forum	City Centre 	Pasta	Lunch, Dessert, Dinner	0	4.7	106	/en/place/makaronitehdas-forum-98497/menu	Mannerheimintie 18, 00100 Helsinki	https://qul.imgix.net/2352b20b-46d0-416b-8a47-5076c40203bc/663385_sld.jpg	Neutral
104	Ekberg	City Centre 	International	Breakfast, Lunch, Dessert, Brunch	0	4.7	1455	/en/place/ekberg-cafe-53446/menu	Bulevardi 9, 00100 Helsinki	https://qul.imgix.net/f63d7270-5f8b-4f0f-82f3-982046aae579/428350_sld.jpg	0.6666666666666666
105	Ginza Sushi Bar Kluuvi	City Centre 	Japanese	Lunch, Dinner	0	4.6	92	/en/place/ginza-sushi-bar-kluuvi-105182/menu	Aleksanterinkatu 9, 00100 Helsinki	https://qul.imgix.net/0de19fc8-feff-4f22-a097-d49ae7fa73b0/727227_sld.jpg	1.0
106	Factory Kamppi	Kamppi 	European	Breakfast, Lunch, Dinner	0	4.6	460	/en/place/factory-kamppi-56210/menu	Runeberginkatu 3, 00100 Helsinki	https://qul.imgix.net/709d6308-222d-4b38-8975-e8a36da7ac6d/732801_sld.jpg	0.0
107	Tandoori Flames	Vallila 	Indian	Lunch, Dinner, Sunday lunch	0	5.7	38	/en/place/tandoori-flames-92432/menu	Mäkelänkatu 30, 00510 Helsinki	https://qul.imgix.net/ad24024c-db1e-45c7-bd88-91bd3eb80825/607210_sld.jpg	Neutral
108	B5 BLACK	Töölö 	Scandinavian	Lunch, Dinner	0	4.7	99	/en/place/b5-black-95495/menu	Sandelsinkatu 1, 00260 Helsinki	https://qul.imgix.net/35b438b8-70db-4fb2-b6b1-94a31ceb51b1/637083_sld.jpg	Neutral
109	Ravintola Piilo	Hietalahti 	Italian	Breakfast, Lunch, Brunch, Dinner	0	4.7	542	/en/place/ravintola-piilo-91693/about	Lönnrotinkatu 34, 00180 Helsinki	https://qul.imgix.net/378d92cd-ffc4-4745-922c-da126fadc807/599416_sld.jpg	0.4444444444444444
110	The Tower - Wine & Craft Beer	Pasila 	Scandinavian	Lunch, Dinner	0	4.7	102	/en/place/the-tower-wine-craft-beer-85892/menu	Firdonkatu 2b, 00520 Helsinki	https://qul.imgix.net/4cc00987-f960-4a87-9695-1eb10d1dfaf3/543724_sld.jpg	Neutral
111	Moko Market Café & Store Punavuori / Brunssi	Punavuori 	Eat & Drink	Breakfast, Brunch	0	4.9	54	/en/place/moko-market-cafe-store-punavuori-90255/menu	Perämiehenkatu 10, 00150 Helsinki	https://qul.imgix.net/4c79547e-2339-4219-9a00-3a11bda765f2/586095_sld.jpg	1.0
112	Bröd Punavuori	Punavuori 	Scandinavian	Breakfast, Lunch, Dessert, Dinner	0	4.9	54	/en/place/brod-punavuori-63308/menu	Bulevardi 26, 00120 Helsinki	https://qul.imgix.net/b7bc1e9c-d07f-471d-b280-1e42225976fb/569553_sld.jpg	Neutral
113	Relove Töölö	Töölö 	European	Breakfast, Lunch, Brunch, Cake & Coffee	0	5.5	36	/en/place/relove-toolo-95227/about	Sandelsinkatu 6, 00260 Helsinki	https://qul.imgix.net/2bbe66cb-c121-49bc-a9f9-56890bb8451b/763026_sld.jpg	Neutral
114	Juttutupa	Kallio 	Eat & Drink	Lunch, Dessert, Dinner	0	4.5	185	/en/place/juttutupa-106867/about	Säästöpankinranta 6, 00530 Helsinki	https://qul.imgix.net/d0379c98-bf76-4752-b147-0b7de7aa10e5/768151_sld.jpg	Neutral
115	Draft Sportsbar	Pasila 	International	Lunch, Dinner, Sunday lunch	0	5.1	46	/en/place/draft-sportsbar-95510/menu	Firdonkatu 2 B, 00520 Helsinki	https://qul.imgix.net/66e3e49a-6d75-4675-be2c-47eb5afd9c4d/723522_sld.jpg	Neutral
116	Capperi - Oulunkylä	Oulunkylä 	Pizza	Lunch, Dinner	0	5.2	1661	/en/place/capperi-37434/menu	Siltavoudintie 9, 00640 Helsinki	https://qul.imgix.net/b3d447ae-543e-4e5e-96ed-d0d1c38ae847/326597_sld.jpg	Neutral
117	Pancho Villa Tripla, Helsinki	Pasila 	Mexican	Dinner	0	4.6	331	/en/place/pancho-villa-tripla-helsinki-89231/menu	Fredikanterassi 1, 00520 Helsinki	https://qul.imgix.net/f422a249-b208-472a-b66d-970501472584/700685_sld.jpg	1.0
118	Ravintola Sansar	Kamppi 	Nepalese	Lunch, Dinner, Sunday lunch	0	5.2	37	/en/place/ravintola-sansar-87104/menu	Fredrikinkatu 46, 00100 Helsinki	https://qul.imgix.net/67933be3-9f00-45c4-aa20-4a63466533f5/553037_sld.jpg	Neutral
119	Famu	Töölö 	European	Breakfast, Lunch, Dessert, Dinner	0	4.3	144	/en/place/ravintola-famu-scandic-park-63307/about	Mannerheimintie 46, 00260 Helsinki	https://qul.imgix.net/4b359b06-3443-4969-bf35-f7880f421783/536814_sld.jpg	1.0
120	Kiasma Café	City Centre 	Eat & Drink	Dessert, Dinner, Cake & Coffee	0	5.0	38	/en/place/kiasma-cafe-100123/menu	Mannerheiminaukio 2, 00100 Helsinki	https://qul.imgix.net/aceabf62-6272-44c3-bfd1-a3156c2cb9b7/677726_sld.jpg	Neutral
121	Treffi Herttoniemi	Herttoniemi 	International	Lunch, Brunch, Dinner	0	4.9	2447	/en/place/treffi-herttoniemi-14994/menu	Hiihtomäentie 14, 00810 Helsinki	https://qul.imgix.net/10ccd873-f763-4b33-a639-244b1026da6b/342345_sld.jpg	0.8571428571428571
122	Relove Freda	Punavuori 	European	Lunch, Dessert, Brunch	0	5.4	32	/en/place/relove-freda-95229/menu	Fredrikinkatu 25, 00120 Helsinki	https://qul.imgix.net/acc37cab-aba8-4f21-85ab-8ba63b8cc449/634438_sld.jpg	Neutral
123	Dylan Böle	Pasila 	International	Buffet, Lunch	0	5.0	43	/en/place/dylan-bole-48265/menu	Pasilankatu 10, 00240 Helsinki	https://qul.imgix.net/0fa24179-0666-474f-91a9-522975e2041c/374220_sld.jpg	1.0
124	Restaurant Maharaja Töölö	Töölö 	Indian	Lunch, Dinner	0	5.1	35	/en/place/restaurant-maharaja-toolo-97575/menu	Mannerheimintie 21, 00250 Helsinki	https://qul.imgix.net/5e6aa2c8-8e0d-4229-8600-684ffee8cb22/651708_sld.jpg	Neutral
125	Bellmanni - Pasila	Pasila 	Scandinavian	Dessert, Dinner	0	4.7	43	/en/place/ravintola-scandic-pasila-63655/menu	Maistraatinportti 3 3, 00240 Helsinki	https://qul.imgix.net/fbcf115e-738a-45cc-b453-ec1e98e51639/551298_sld.jpg	Neutral
126	Bierhaus Kamppi	Kamppi 	Scandinavian	Lunch, Dinner	0	5.3	29	/en/place/bierhaus-kamppi-85893/about	Annanaukio 1, 00101 Helsinki	https://qul.imgix.net/97f17bdb-7e96-43d9-80ff-8588b0b68c96/543720_sld.jpg	1.0
127	La Torrefazione Aleksanterinkatu	City Centre 	European	Breakfast, Lunch, Brunch, Cake & Coffee	0	5.0	35	/en/place/la-torrefazione-aleksanterinkatu-95362/menu	Aleksanterinkatu 50, 00100 Helsinki	https://qul.imgix.net/795debab-fadb-47db-8aa3-d309deac0f2f/637019_sld.jpg	Neutral
128	Nepalilainen Ravintola Mountain	Töölö 	Nepalese	Lunch, Dinner	0	5.3	32	/en/place/nepalilainen-ravintola-mountain-103213/menu	Nordenskiöldinkatu 8, 00250 Helsinki	https://qul.imgix.net/879c9bd8-0bb3-4ec7-a4b9-8a3266c77414/741677_sld.jpg	Neutral
129	Tiflisi	Kamppi 	Georgian	Dessert, Dinner	0	5.5	28	/en/place/tiflisi-105531/menu	Malminrinne 2, 00100 Helsinki	https://qul.imgix.net/15dd732b-4670-4532-af8b-9d4b2c2a2d4f/735243_sld.jpg	Neutral
130	YUWA`S	Kamppi 	Asian Fusion	Lunch, Dinner	0	5.6	27	/en/place/yuwas-102150/menu	Lönnrotinkatu 33, 00180 Helsinki	https://qul.imgix.net/12025073-14b8-4444-854a-d8b0565be578/766186_sld.jpg	Neutral
131	Casa Haga	Haaga 	Spanish	Tapas, Dessert, Dinner	0	4.7	89	/en/place/casa-haga-100321/menu	Kylätie 25a, 00320 Helsinki	https://qul.imgix.net/f6e07183-70c3-44ec-91ac-47eeb2388501/680469_sld.jpg	Neutral
132	Cafe & Bistro Hiezu	Töölö 	European	Brunch, Dinner	0	4.5	45	/en/place/cafe-bistro-hiezu-96430/menu	Hiekkarannantie 11, 00100 Helsinki	https://qul.imgix.net/e94c5fcb-ba69-4d38-b75c-f84e7adff4ad/646416_sld.jpg	Neutral
133	Fuji Biyori	City Centre 	Japanese	Lunch, Dinner	0	4.5	42	/en/place/fuji-biyori-99979/menu	Korkeavuorenkatu 47, 00130 Helsinki	https://qul.imgix.net/a59d0c2e-0ad5-492c-aaed-1fb9b7f5dd86/676385_sld.jpg	Neutral
134	Victor's Garden	Kaartinkaupunki 	Asian	Dessert, Dinner	0	5.3	28	/en/place/victors-garden-106759/about	Eteläranta 16, 00130 Helsinki	https://qul.imgix.net/7f85dddd-baa7-4261-b405-c2bcec28d985/741363_sld.jpg	Neutral
135	The Schnitzel Tripla	Pasila 	Korean	Lunch, Dinner	0	4.4	64	/en/place/the-schnitzel-tripla-90435/menu	Fredikanterassi 1, 00520 Helsinki	https://qul.imgix.net/01a7965d-ef73-4704-9989-42303ab6588c/718642_sld.jpg	Neutral
136	Makaronitehdas REDI	Kalasatama 	Pasta	Lunch, Dessert, Dinner	0	5.0	34	/en/place/makaronitehdas-redi-98493/menu	Hermannin rantatie 5a, 00580 Helsinki	https://qul.imgix.net/12d0ac7d-1d4d-4d26-8da5-83f4564f65c3/663589_sld.jpg	Neutral
137	Fly Fusion Restaurant	Katajanokka 	Vietnamese	Breakfast, Lunch, Cake & Coffee	0	5.4	27	/en/place/fly-fusion-restaurant-99343/menu	Luotsikatu 5, 00160 Helsinki	https://qul.imgix.net/925b404d-7fb6-4e80-8b8e-b8abf8297e1e/669851_sld.jpg	Neutral
138	Ravintola Mestaritalli	Töölö 	Scandinavian	Dinner	0	4.2	321	/en/place/ravintola-mestaritalli-61082/about	Merikannontie 2, 00260 Helsinki	https://qul.imgix.net/8a65b3d7-7ab1-4438-b7b0-41d844108e4c/720480_sld.jpg	1.0
139	Restaurant Stansvik	Laajasalo 	Finnish	Lunch	0	4.6	60	/en/place/restaurant-stansvik-106308/menu	Stansvikintie 1, 00590 Helsinki	https://qul.imgix.net/d1a1670e-fad3-4dc0-bca1-28c67e68f303/744142_sld.jpg	Neutral
140	Minato Sushi	Hietalahti 	Sushi	Lunch, Dinner	0	5.7	24	/en/place/minato-sushi-97453/menu	Kalevankatu 55, 00180 Helsinki	https://qul.imgix.net/02e0a13c-26bb-47cd-bbfb-a2e4a011b909/650946_sld.jpg	Neutral
141	Ekeko Cafe Lounge	Sörnäinen 	Latin American	Lunch, Dinner, Cake & Coffee	0	5.4	27	/en/place/ekeko-cafe-lounge-108004/menu	Vilhonvuorenkatu 3, 00500 Helsinki	https://qul.imgix.net/277a29c0-dc5e-4a96-92b2-2da9bc58afe0/753469_sld.jpg	Neutral
142	Classic Pizza REDI	Kalasatama 	Pizza	Lunch, Dessert, Dinner	0	5.1	30	/en/place/classic-pizza-redi-99592/menu	Hermannin rantatie 5a, 00580 Helsinki	https://qul.imgix.net/8b4368f3-fdc1-42f5-8e27-cc3ac808a00a/673027_sld.jpg	Neutral
143	Bastion Bistro	Suomenlinna 	Eat & Drink	Dinner	0	4.3	121	/en/place/bastion-bistro-90686/menu	Suomenlinna C8, 00190 Helsinki	https://qul.imgix.net/adf93376-9f2f-44c6-94fc-96f23b26af9f/720483_sld.jpg	Neutral
144	Peloton Cycling Eatery	Kallio 	International	Lunch, Dessert, Brunch, Dinner	0	5.7	24	/en/place/peloton-cycling-eatery-104752/menu	Kaasutehtaankatu 1, 00580 Helsinki	https://qul.imgix.net/39f1a883-d9a5-4e01-9e52-5bb9e7a66306/722724_sld.jpg	Neutral
145	Korjaamo Baari & Keittiö	Töölö 	Eat & Drink	Lunch, Dinner	0	4.1	66	/en/place/korjaamo-baari-keittio-90180/about	Töölönkatu 51, 00250 Helsinki	https://qul.imgix.net/e3add1d2-ce37-4597-8c58-3c8570b26d4c/591059_sld.jpg	1.0
146	Meyhuone	Katajanokka 	Turkish	Breakfast, Lunch, Dinner	0	5.6	22	/en/place/meyhuone-106667/about	Kruunuvuorenkatu 4, 00160 Helsinki	https://qul.imgix.net/e4686a7e-f137-44fd-b7b3-5bfe7d75bb6e/740610_sld.jpg	Neutral
147	Noodle Story Kallio	Kallio 	Asian	Lunch, Dinner	0	5.3	24	/en/place/noodle-story-kallio-94138/menu	Alppikatu 5, 00530 Helsinki	https://qul.imgix.net/00800819-72bf-43f9-9899-f75a2b643e34/623623_sld.jpg	Neutral
148	Chicco	Töölö 	Italian	Lunch, Dessert, Dinner	0	5.2	24	/en/place/chicco-107130/menu	Caloniuksenkatu 3, 00100 Helsinki	https://qul.imgix.net/138f3f32-2ee2-49ff-946c-45d9d346c861/745129_sld.jpg	Neutral
149	El Fant	City Centre 	International	Lunch, Brunch, Dinner, Cake & Coffee	0	4.7	29	/en/place/el-fant-28065/menu	Katariinakatu 3, 00170 Helsinki	https://qul.imgix.net/1b1f954e-e7f4-4639-bdb6-9244792e5bdf/671323_sld.jpg	Neutral
150	Bistro Traba	Ruoholahti 	Italian	Lunch, Dessert, Brunch, Dinner	0	4.7	30	/en/place/bistro-traba-93633/menu	Kaapeliaukio 3, 00180 Helsinki	https://qul.imgix.net/32ceab3e-e402-4dc6-b0ac-27cec6accef9/740792_sld.jpg	1.0
151	Green Hippo Punavuori	Punavuori 	Eat & Drink	Breakfast, All-day Breakfast, Lunch, Dessert	0	4.9	23	/en/place/green-hippo-punavuori-105024/menu	Punavuorenkatu 2, 00120 Helsinki	https://qul.imgix.net/5c0c28bf-76b7-4061-bf78-76be9050a17d/727133_sld.jpg	Neutral
152	Vapiano Mikonkatu	City Centre 	Italian	Lunch, Dessert, Dinner	0	4.0	183	/en/place/vapiano-mikonkatu-101717/menu	Mikonkatu 15, 00100 Helsinki	https://qul.imgix.net/e94a0695-a099-41c0-9ad1-95f7a24c50cc/693525_sld.jpg	0.0
153	Zen Sushi	Kruununhaka 	Sushi	Lunch, Dessert, Dinner	0	5.8	18	/en/place/zen-sushi-100275/menu	Snellmaninkatu 16, 00170 Helsinki	https://qul.imgix.net/9ab1408a-db1f-436a-980e-654c9d5cc431/679321_sld.jpg	Neutral
154	Green Hippo Töölö	Töölö 	Eat & Drink	Breakfast, Lunch, Brunch, Dinner	0	5.3	20	/en/place/green-hippo-toolo-105025/menu	Sandelsinkatu 2, 00260 Helsinki	https://qul.imgix.net/eaedc450-e158-4559-8e8f-f4c0101b8b72/727128_sld.jpg	1.0
155	Ristorante Momento Eliel	City Centre 	European		0	5.2	17	/en/place/ristorante-momento-eliel-108033/menu	Elielinaukio 5, 00100 Helsinki	https://qul.imgix.net/396d4b5d-24bb-4d6a-85b4-e7e3c6fdd2e1/753341_sld.jpg	Neutral
156	Bistro Palo	Malmi 	International	Lunch, Dinner	0	5.0	102	/en/place/bistro-palo-96188/menu	Vanha Helsingintie 19, 00700 Helsinki	https://qul.imgix.net/1be49cbc-8653-44e4-9010-a9120b131f49/656687_sld.jpg	Neutral
157	Restaurant Indus	City Centre 	Indian	Lunch, Dinner	0	4.7	23	/en/place/restaurant-indus-102713/menu	Eteläesplanadi 4, 00130 Helsinki	https://qul.imgix.net/d36bfe18-145b-454b-926d-377651a0db34/703118_sld.jpg	Neutral
158	Taste of Uyghur	Sörnäinen 	Asian	Lunch, Dinner	0	5.5	19	/en/place/taste-of-uyghur-96182/menu	Vilhonvuorenkatu 11 A, 00500 Helsinki	https://qul.imgix.net/be7e73c0-927a-48a3-b9cb-d829e53a03e8/644026_sld.jpg	Neutral
159	Masa’s Pizza Töölö	Töölö 	Pizza	Lunch, Dessert, Dinner	0	5.6	16	/en/place/masas-pizza-toolo-102067/menu	Messeniuksenkatu 5, 00250 Helsinki	https://qul.imgix.net/0614adf7-666c-4bb3-a4a1-2e18e47f85be/719873_sld.jpg	Neutral
160	DinKrog Svenskis	City Centre 	Scandinavian	Lunch, Dessert, Dinner	0	5.1	19	/en/place/dinkrog-svenskis-104447/menu	Pohjoisesplanadi 2, 00130 Helsinki	https://qul.imgix.net/6fb53b46-65d3-477b-b9ce-740fa38c55f9/720022_sld.jpg	Neutral
161	Megobaro Töölö	Töölö 	Ukranian	Lunch, Dessert, Dinner	0	5.6	18	/en/place/megobaro-toolo-108896/menu	Mannerheimintie 100, 00250 Helsinki	https://qul.imgix.net/04168064-798c-42db-a461-46a87b8ab5f5/762019_sld.jpg	Neutral
162	DIF Döner Punavuori	Punavuori 	Kebab	Lunch, Dinner	0	5.0	19	/en/place/dif-doner-punavuori-98031/menu	Yrjönkatu 4, 00120 Helsinki	https://qul.imgix.net/3ab38608-f468-44c2-b938-738fa58fa640/657330_sld.jpg	Neutral
163	Green Hippo Kallio	Kallio 	Eat & Drink	Breakfast, Lunch, Dessert, Brunch	0	5.3	18	/en/place/green-hippo-kallio-105026/menu	Fleminginkatu 10, 00530 Helsinki	https://qul.imgix.net/c1f85e85-4903-4649-b0cb-b5d2ebeb1d51/727120_sld.jpg	Neutral
164	Pho Nokis	Kamppi 	Vietnamese	Lunch, Dinner	0	5.5	13	/en/place/pho-nokis-100857/menu	Urho Kekkosen katu 1, 00100 Helsinki	https://qul.imgix.net/7fec3a12-250a-4a1b-b19d-93d6b61c6e68/684752_sld.jpg	Neutral
165	Pancho Villa Malmi	Malmi 	Tex-Mex	Lunch, Dinner	0	5.0	94	/en/place/pancho-villa-malmi-99038/menu	Kirkonkyläntie 11, 00700 Helsinki	https://qul.imgix.net/8234c3b0-6307-45e2-9f4e-b7a1da886825/700686_sld.jpg	Neutral
166	Lopez Tacos Kamppi	Kamppi 	Mexican	Lunch, Dinner	0	4.8	19	/en/place/lopez-tacos-kamppi-105479/menu	Urho Kekkosen katu 1, 00100 Helsinki	https://qul.imgix.net/03a9fb26-827b-4f9d-bae5-03ea38e6255b/734795_sld.jpg	Neutral
167	JUGANG Helsinki Wanhasatama	Katajanokka 	Fusion	Lunch, Dinner	0	4.7	21	/en/place/jugang-helsinki-wanhasatama-96576/menu	Kanavakatu 5, 00160 Helsinki	https://qul.imgix.net/09e13240-ab8c-4e5a-8de4-c3f73b79cb87/647847_sld.jpg	Neutral
168	99 TopMeal	City Centre 	Asian	Lunch, Dinner	0	5.7	15	/en/place/99-topmeal-101562/menu	Mikonkatu 8, 00100 Helsinki	https://qul.imgix.net/0230f265-ccf8-420c-9473-6d023967c7b7/741676_sld.jpg	Neutral
169	Ristorante Mirella	Hietalahti 	Pizza	Lunch, Dinner	0	4.7	20	/en/place/ristorante-mirella-100944/menu	Lönnrotinkatu 41, 00180 Helsinki	https://qul.imgix.net/d61f45d9-eb57-4c93-8aa6-3d8402e708f6/685410_sld.jpg	Neutral
170	Rannagor	Pasila 	Bangladeshi	Lunch, Dinner	0	5.6	16	/en/place/rannagor-101159/menu	Tenderinlenkki 8, 00520 Helsinki	https://qul.imgix.net/fc521199-98c0-4be0-b12d-a2016fba6326/688367_sld.jpg	Neutral
171	Ravintola Lukla	Töölö 	Nepalese	Lunch, Dinner	0	5.5	16	/en/place/ravintola-lukla-96005/menu	Runeberginkatu 60, 00260 Helsinki	https://qul.imgix.net/a6ff796a-18f7-47d8-a6c4-f98d5fc855f9/642061_sld.jpg	Neutral
172	Annan Kartano	Tuomarinkylä 	Finnish	Lunch, Sunday lunch	0	4.9	147	/en/place/annan-kartano-94514/about	Tuomarinkyläntie 4-18, 00690 Helsinki	https://qul.imgix.net/43eeb880-f30a-4806-819c-497cf9fc5bd2/627334_sld.jpg	1.0
173	Ravintola Skörd	Punavuori 	Finnish	Dinner	0	5.8	14	/en/place/ravintola-skord-92227/about	Fredrikinkatu 37, 00120 Helsinki	https://qul.imgix.net/57584380-ba73-4753-bddc-770c85ba9c68/604821_sld.jpg	Neutral
174	Boneless Flemari	Kallio 	Burgers	Lunch, Dinner	0	5.4	16	/en/place/boneless-flemari-100117/menu	Fleminginkatu 21b, 00500 Helsinki	https://qul.imgix.net/deaef297-9450-4225-a40c-8cfc3256b15a/677670_sld.jpg	Neutral
175	Seksico® Tacos Viiskulma	Punavuori 	Mexican	Lunch, Dinner	0	5.1	16	/en/place/seksico-tacos-viiskulma-105504/menu	Laivurinkatu 10, 00150 Helsinki	https://qul.imgix.net/aed3ee00-f726-4f89-8015-29ffd3ff6fba/731237_sld.jpg	Neutral
176	Levant Töölö	Töölö 	Middle Eastern	Lunch, Dinner	0	5.1	16	/en/place/levant-toolo-95444/menu	Runeberginkatu 59, 00260 Helsinki	https://qul.imgix.net/a69512a8-0cf8-4f29-906c-72c508ea7ab3/637129_sld.jpg	Neutral
177	Dylan Kottby	Oulunkylä 	International	Lunch, Brunch	0	4.6	33	/en/place/dylan-kottby-20924/menu	Mäkitorpantie 3 00620, 00620 Helsinki	https://qul.imgix.net/4458bd15-ff22-4ab9-9773-5a097cf7ecf1/368719_sld.jpg	Neutral
178	Cafe Elo	Malminkartano 	Eat & Drink	Breakfast, Lunch, Brunch, Cake & Coffee	0	4.9	74	/en/place/cafe-elo-98790/menu	Puustellintie 1, 00410 Helsinki	https://qul.imgix.net/ef0383d7-42df-45f1-b07a-692263e30f87/706363_sld.jpg	1.0
179	Pikku Ranska	Munkkiniemi 	European	Buffet, Lunch, Dessert, Dinner	0	5.1	26	/en/place/pikku-ranska-94811/menu	Ulvilantie 19, 00350 Helsinki	https://qul.imgix.net/6d7d19cc-18a1-4ff9-9565-df3865942073/669824_sld.jpg	1.0
180	La Galleria	Kruununhaka 	Pizza	Dinner	0	5.0	14	/en/place/la-galleria-109402/about	Unioninkatu 30, 00100 Helsinki	https://qul.imgix.net/87d3d7aa-6274-45fc-83cd-f3f9ea0a771e/768017_sld.jpg	Neutral
181	Lopez Tacos Teurastamo	Kalasatama 	Mexican	Dinner	0	5.2	16	/en/place/lopez-tacos-teurastamo-105478/menu	Työpajankatu 2, 00580 Helsinki	https://qul.imgix.net/d396437b-5cce-43f7-aa9b-44206d7fdcf5/742553_sld.jpg	Neutral
182	Open Lobby - Ruoholahti	Ruoholahti 	Scandinavian	Breakfast, Lunch, Dessert, Dinner	0	4.3	19	/en/place/holiday-inn-open-lobby-ruoholahti-63292/menu	Sulhasenkuja 3, 00180 Helsinki	https://qul.imgix.net/78eed1b0-54ef-475e-8772-8f8ffa07e075/513597_sld.jpg	Neutral
183	Suski Bar & Kitchen	Malmi 	International	Lunch, Dinner	0	4.9	82	/en/place/suski-bar-kitchen-70479/menu	Ylä-Malmin tori 3, 00700 Helsinki	https://qul.imgix.net/0587400e-bba2-454a-97a5-c6f834e80ae8/538680_sld.jpg	Neutral
184	Wine & Tapas Helsinki	Kamppi 	Spanish	Tapas, Lunch, Dinner	0	5.3	0	/en/place/wine-tapas-helsinki-107955/menu	Annanaukio 1, 00100 Helsinki	https://qul.imgix.net/0e06b5fc-87e0-4bd0-82e1-089bb3ea4ef8/752877_sld.jpg	Neutral
185	Monda	Kamppi 	Eat & Drink	Lunch, Dessert, Dinner	0	6.0	0	/en/place/monda-108094/about	Lapinlahdenkatu 16, 00180 Helsinki	https://qul.imgix.net/18765217-b94c-4405-af0c-e95d1e8bd76c/754468_sld.jpg	Neutral
186	Korttelikahvila Mariankatu 18	Kruununhaka 	Scandinavian	Breakfast, Buffet, Lunch, Brunch	0	5.4	11	/en/place/korttelikahvila-mariankatu-18-100344/menu	Mariankatu 18, 00170 Helsinki	https://qul.imgix.net/0edb4dad-2a92-4655-b5ef-98ac2444b4f7/679881_sld.jpg	Neutral
187	Ravintola Halikarnas	Hietalahti 	Turkish	Lunch, Dinner	0	5.2	11	/en/place/ravintola-halikarnas-99848/menu	Ruoholahdenkatu 18, 00180 Helsinki	https://qul.imgix.net/aea0044e-d05e-4a76-967b-c0902f230d50/675204_sld.jpg	Neutral
188	Indie Bistro & Bar	City Centre 	Indian	Lunch, Dessert, Dinner	0		0	/en/place/indie-bistro-bar-108280/menu	Postikuja 2, 00100 Helsinki	https://qul.imgix.net/d098090a-91bb-4f39-b8ff-a27af3a1bc0a/757227_sld.jpg	Neutral
189	Hungry Hub Keskusta	City Centre 	Burgers	Lunch, Dinner	0		0	/en/place/hungry-hub-keskusta-109237/menu	Töölönlahdenkatu 3, 00100 Helsinki	https://qul.imgix.net/a2a76ead-8fa0-4209-b7b1-d2671171056f/765951_sld.jpg	Neutral
190	Mokka Cafe Helsinki	City Centre 	Cake & Coffee	Lunch, Dinner	0		0	/en/place/mokka-cafe-helsinki-109462/menu	Fredrikinkatu 33 A, 00120 Helsinki		Neutral
191	Mashiro Vallila	Vallila 	Japanese	Lunch, Dessert, Dinner, High Tea	0	3.9	19	/en/place/mashiro-vallila-49120/menu	Mäkelänkatu 22, 00510 Helsinki	https://qul.imgix.net/777d7e6f-9c6a-4dd3-a3a8-3312e8f411dd/383418_sld.jpg	Neutral
192	Majakkalaiva Relandersgrund	Kruununhaka 	Eat & Drink	Lunch, Dinner	0	4.3	0	/en/place/majakkalaiva-relandersgrund-106468/about	Meritullintori 1, 00170 Helsinki	https://qul.imgix.net/a01656c1-2b7b-43fa-99a0-0a53afb93bf9/740143_sld.jpg	Neutral
193	The Last Drop Bar & Kitchen	Kaartinkaupunki 	Eat & Drink	Dinner	0	5.3	9	/en/place/the-last-drop-bar-kitchen-104517/menu	Ludviginkatu 3-5, 00130 Helsinki	https://qul.imgix.net/0765520a-8d86-42fa-9685-8222a117a453/721389_sld.jpg	Neutral
194	Stu 11	Alppiharju 	International	Breakfast, Lunch, Brunch	0	6.0	0	/en/place/stu-11-108466/menu	Sturenkatu 11, 00510 Helsinki	https://qul.imgix.net/1c84ce84-acb3-4cec-924b-bcfe6d6b52fa/759709_sld.jpg	Neutral
195	Flow Bar Kallio	Kallio 	German	Dinner	0	4.9	11	/en/place/flow-bar-kallio-98284/menu	Castréninkatu 7, 00530 Helsinki	https://qul.imgix.net/4384024d-967a-44d5-abda-a479a1c04522/659963_sld.jpg	Neutral
196	16 Boom	Kruununhaka 	Asian	Lunch, Dinner	0	6.0	7	/en/place/16-boom-92322/menu	Snellmaninkatu 16, 00170 Helsinki	https://qul.imgix.net/c0ceec9e-3a9d-47bf-ae63-164a8d5e5a30/691421_sld.jpg	Neutral
197	Victoria's Cafe & Bakery	Jätkäsaari 	Eat & Drink	Lunch, Dessert, Cake & Coffee	0	3.0	0	/en/place/victorias-cafe-bakery-104669/menu	Välimerenkatu 14, 00220 Helsinki	https://qul.imgix.net/dbdded15-08e0-47e1-b6b7-5a1ef2523d7a/722211_sld.jpg	Neutral
198	Pikku Eden	Vallila 	Eat & Drink	Tapas	0	4.8	4	/en/place/pikku-eden-108222/menu	Aleksis Kiven katu 40, 00510 Helsinki	https://qul.imgix.net/7e579783-ce03-426b-ba04-c01197cf4e58/764825_sld.jpg	Neutral
199	Vranec Jätkäsaari	Jätkäsaari 	Eat & Drink	Dinner	0		0	/en/place/vranec-jatkasaari-108397/about	Länsisatamankatu 18, 00180 Helsinki	https://qul.imgix.net/97598b5c-d8db-487a-878b-0da9fff3a346/757914_sld.jpg	Neutral
200	POCHA! Korean Street Dining	Sörnäinen 	Korean	Dinner	0	5.4	11	/en/place/pocha-korean-street-dining-108266/menu	Kulmavuorenkatu 7, 00500 Helsinki	https://qul.imgix.net/a0b4ad88-191a-4236-afaf-107d66e650b2/755982_sld.jpg	Neutral
201	Old Durbar Annankatu	Kamppi 	Nepalese	Lunch, Dessert, Dinner	0	5.7	6	/en/place/old-durbar-annankatu-105536/menu	Annankatu 29, 00100 Helsinki	https://qul.imgix.net/c92ee117-e167-4f9f-9997-8b9bc0f2564c/730766_sld.jpg	Neutral
202	Mama's Empanadas & Wine	Kallio 	Eat & Drink	Breakfast, Tapas, Lunch, Dinner	0	5.0	0	/en/place/mama-s-empanadas-wine-104632/menu	Vaasankatu 11, 00500 Helsinki	https://qul.imgix.net/b056954d-7ca7-4531-947a-89bdd499cfe1/742102_sld.jpg	Neutral
203	Golden Rocks Kallio	Kallio 	Eat & Drink	Lunch	0	3.0	0	/en/place/golden-rocks-kallio-108419/about	Porvoonkatu 1, 00510 Helsinki	https://qul.imgix.net/d1c5d536-8b2f-4728-89f6-faf7a0bbf26c/757939_sld.jpg	Neutral
204	Ravintola Base Camp Helsinki	City Centre 	Nepalese	Lunch, Dessert, Dinner	0	5.5	6	/en/place/ravintola-base-camp-18140/about	Mannerheimintie 3, 00100 Helsinki	https://qul.imgix.net/b1c89364-f340-4378-91cf-22e4b1742242/127755_sld.jpg	Neutral
205	La Bottega 13	Ullanlinna 	Italian	Dinner	0	5.9	7	/en/place/la-bottega-13-107999/menu	Tehtaankatu 13, 00140 Helsinki	https://qul.imgix.net/955fc0a1-1078-4ef3-817a-1bce8d689be9/752992_sld.jpg	Neutral
206	DIF Döner Ruoholahti	Ruoholahti 	Kebab	Lunch, Dinner, Sunday lunch	0	4.7	10	/en/place/dif-doner-95525/menu	Itämerenkatu 12, 00180 Helsinki	https://qul.imgix.net/44e098b0-bba7-4293-ae42-851110daaf25/637916_sld.jpg	Neutral
207	OPPA Korean BBQ Kamppi Autotalo	Kamppi 	Korean	Dinner	0	4.4	9	/en/place/oppa-korean-bbq-kamppi-108487/menu	Fredrikinkatu 46, 00100 Helsinki	https://qul.imgix.net/0c5c9bf7-8cf3-41af-8463-13fb013ca3f5/758794_sld.jpg	Neutral
208	Bistro Qulma	Kruununhaka 	Scandinavian	Lunch, Dessert, Dinner	0	4.7	9	/en/place/bistro-qulma-104369/menu	Mariankatu 13b, 00170 Helsinki	https://qul.imgix.net/90fa6235-b7aa-4718-a371-89dcb849819b/718980_sld.jpg	Neutral
209	Mojo Street Food	Kallio 	Asian Fusion	Lunch, Dessert, Dinner	0	4.0	0	/en/place/mojo-street-food-100278/menu	Aleksis Kiven katu 12, 00500 Helsinki	https://qul.imgix.net/c49d72ea-364d-4557-bde4-bbea05dd2f98/718672_sld.jpg	Neutral
210	Ravintola 14 Peaks	Hakaniemi 	Nepalese	Buffet, Lunch, Dinner	0	5.4	7	/en/place/ravintola-14-peaks-107154/menu	Siltasaarenkatu 13, 00530 Helsinki	https://qul.imgix.net/29909a96-6647-4a4d-84d4-3fa2ef9e9c68/746045_sld.jpg	Neutral
211	Seksico® City Bodega	City Centre 	Mexican	Lunch, Dinner	0	5.4	5	/en/place/seksico-city-bodega-108834/about	Kaivokatu 8, 00101 Helsinki	https://qul.imgix.net/e893228a-8f17-46dd-ab76-b7868769ff4f/762183_sld.jpg	Neutral
212	Restaurant & Bar Santa Clara	Jätkäsaari 	Pizza	Dinner	0		0	/en/place/restaurant-bar-santa-clara-108086/menu	Kuubankatu 3, 00220 Helsinki	https://qul.imgix.net/9ff00e0b-4b55-4316-bacc-0ca3f36c2f4f/761038_sld.jpg	Neutral
213	Muteh Cafe-Bistro	Töölö 	Cake & Coffee	Lunch, Dinner	0	5.8	5	/en/place/muteh-cafe-bistro-107133/menu	Mechelininkatu 12-14, 00100 Helsinki	https://qul.imgix.net/97cdad73-6220-4fc3-8ca8-9b6023858abe/745364_sld.jpg	Neutral
214	Kahvila Marocco	Töölö 	Cake & Coffee	Breakfast, Lunch, Dessert, Cake & Coffee	0	5.4	5	/en/place/kahvila-marocco-95661/menu	Museokatu 7, 00100 Helsinki	https://qul.imgix.net/19ff10b1-80d0-4784-8e2b-c982128cdf01/640951_sld.jpg	Neutral
215	Harbour Tap & Taste	Kalasatama 	Finnish	Lunch, Dinner, Sunday lunch	0	5.8	4	/en/place/harbour-tap-taste-108467/menu	Capellanaukio 1, 00540 Helsinki	https://qul.imgix.net/0c94e1b3-3b57-465b-84d8-0aac425a4c90/758722_sld.jpg	Neutral
216	Seksico® Tacos Kallio	Kallio 	Mexican	Lunch, Dinner	0	5.3	7	/en/place/seksico-tacos-kallio-105505/menu	Kolmas linja 11, 00530 Helsinki	https://qul.imgix.net/3636365f-1279-4cbe-9175-7a98c7b458f8/731353_sld.jpg	Neutral
217	Aito Fresh	City Centre 	Asian Fusion	Lunch, Dinner	0	4.7	6	/en/place/aito-fresh-104403/menu	Kaivokatu 8, 00101 Helsinki	https://qul.imgix.net/b9b18cd1-3d8e-4d9d-92bd-ed0489341e26/719752_sld.jpg	Neutral
218	Shin Ramen & BRGRS Sompasaari	Sompasaari 	Fusion	Lunch, Dinner	0	4.3	0	/en/place/shin-ramen-brgrs-sompasaari-107034/menu	Aallonhalkoja 1, 00540 Helsinki	https://qul.imgix.net/216405f5-9768-42ec-bdd2-f8631ece06c2/744765_sld.jpg	Neutral
219	Saigon Bistro	Kallio 	Vietnamese	Breakfast, Lunch, Dinner	0	5.9	7	/en/place/saigon-bistro-103882/menu	Kaarlenkatu 13, 00530 Helsinki	https://qul.imgix.net/f3fe7bfe-04ed-4775-b5b4-cf5d1eec5e11/714643_sld.jpg	Neutral
220	Chicken Joint Lönkka	Kamppi 	International	Lunch, Dinner	0	4.7	6	/en/place/chicken-joint-lonkka-97906/menu	Lönnrotinkatu 11, 00120 Helsinki	https://qul.imgix.net/4713c3fe-5fc9-40f4-9026-4b5fee10925d/656262_sld.jpg	Neutral
221	Camp Mount	Jätkäsaari 	Nepalese	Dessert, Dinner	0		0	/en/place/camp-mount-108129/menu	Tongankuja 1, 00220 Helsinki	https://qul.imgix.net/484345c6-843d-4fa6-a087-32f303c95605/765595_sld.jpg	Neutral
222	Uyghur Noodle House Kamppi	Kamppi 	Asian	Lunch, Dinner	0	4.1	7	/en/place/uyghur-noodle-house-kamppi-109171/menu	Malminrinne 3, 00100 Helsinki	https://qul.imgix.net/21c9b7f7-cbe8-4ea0-8ef3-65bc5153aa97/765444_sld.jpg	Neutral
223	Moko Market Punavuori / Kabinettivaraukset	Punavuori 	Eat & Drink	Breakfast, Brunch	0	5.2	6	/en/place/moko-market-punavuori-kabinettivaraukset-94113/menu	Perämiehenkatu 10, 00150 Helsinki	https://qul.imgix.net/3433eacd-eb02-46a1-a2b4-8752fa5d4561/629413_sld.jpg	Neutral
224	Ravintola Scandic Meilahti	Töölö 	European	Breakfast, Lunch, Dessert, Dinner	0	3.4	8	/en/place/ravintola-scandic-meilahti-63296/menu	Tukholmankatu 2, 00250 Helsinki	https://qul.imgix.net/9a21abb1-114a-4690-8c89-8c4efdc9a6d1/557528_sld.jpg	0.0
225	GTC Café	Kamppi 	Eat & Drink	Lunch, Dessert, Dinner, Cake & Coffee	0	6.0	0	/en/place/gtc-cafe-100566/menu	Ruoholahdenkatu 8, 00180 Helsinki	https://qul.imgix.net/881e73b1-72b5-49c1-8d0a-e5242b0419fb/681957_sld.jpg	Neutral
226	Puotilan Kartano	Puotila 	International	Buffet, Lunch, Brunch, Sunday lunch	0	4.8	275	/en/place/puotilan-kartano-86946/menu	Puotilantie 7, 00910 Helsinki	https://qul.imgix.net/980514fd-4799-4d07-9ffc-573d3427650f/558572_sld.jpg	1.0
227	HOB Helsinki	Kalasatama 	Eat & Drink	Tapas	0		0	/en/place/hob-helsinki-99825/menu	Capellan Puistotie 2, 00540 Helsinki	https://qul.imgix.net/b0b62762-0a32-4d40-adee-6a39738e3425/675014_sld.jpg	Neutral
228	Graniittiklubi	Hakaniemi 	Finnish	Dessert, Dinner	0	5.0	4	/en/place/graniittiklubi-109099/menu	Säästöpankinranta 6, 00530 Helsinki	https://qul.imgix.net/ee14d4fd-1cda-4fcb-a361-94cb7a625c6e/764011_sld.jpg	Neutral
229	Momentine Wine Bar	Kaartinkaupunki 	Eat & Drink	Dessert, Dinner	0	6.0	0	/en/place/momentine-wine-bar-109184/menu	Sofiankatu 3, 00170 Helsinki	https://qul.imgix.net/9315ad7e-aec0-4924-8e3e-19b50a6e9f9d/765214_sld.jpg	Neutral
230	Annapurna	Punavuori 	Nepalese	Lunch, Dinner, Sunday lunch	0	5.5	0	/en/place/annapurna-108526/menu	Fredrikinkatu 23, 00120 Helsinki	https://qul.imgix.net/2b109060-f2de-4e89-8eda-46a28798ca0d/758731_sld.jpg	Neutral
231	IPI Kulmakuppila	Kallio 	Cake & Coffee	Breakfast, Lunch, Cake & Coffee	0	5.6	5	/en/place/ipi-kulmakuppila-94286/menu	Porthaninkatu 13, 00530 Helsinki	https://qul.imgix.net/cbe2b90e-0ecd-4720-af35-c2934daad1b8/624950_sld.jpg	Neutral
232	Amex Exclusive Lunch: Pastis	Kaartinkaupunki 	French		0	5.0	0	/en/place/amex-exclusive-lunch-pastis-104118/about	Pieni Roobertinkatu 2, 00130 Helsinki	https://qul.imgix.net/1d263db1-0ade-4df5-913b-78187362428a/716499_sld.jpg	Neutral
233	Chao Phraya Helsinki - Thai Restaurant	Hietalahti 	Thai	Lunch, Dinner	0	4.0	0	/en/place/chao-phraya-helsinki-thai-restaurant-104667/about	Lönnrotinkatu 34, 00180 Helsinki	https://qul.imgix.net/47bc0139-d2eb-4f1b-8baa-d74265b40329/769349_sld.jpg	Neutral
234	Restaurant Vazi	Sompasaari 	Georgian	Dinner	0	5.9	7	/en/place/restaurant-vazi-108597/menu	Konttisatamakatu 2, 00540 Helsinki	https://qul.imgix.net/8a30d3e2-a4ff-4a4e-9c61-0ce6357f1746/761144_sld.jpg	Neutral
235	Hei Noodle	City Centre 	Asian	Lunch, Dinner	0	3.5	0	/en/place/hei-noodle-104141/menu	Aleksanterinkatu 9, 00100 Helsinki	https://qul.imgix.net/7010aa12-9607-4118-8a56-88aae0a87500/717773_sld.jpg	Neutral
236	Mashiro Töölö	Töölö 	Sushi	Buffet, Dinner	0	5.0	0	/en/place/mashiro-toolo-87853/about	Mechelininkatu 18, 00100 Helsinki	https://qul.imgix.net/70442642-2ed4-4b09-b066-67891aa3cb1b/559698_sld.jpg	Neutral
237	Bibimbap Töölö	Töölö 	Korean	Lunch, Dinner	0	5.0	0	/en/place/bibimbap-toolo-108488/menu	Runeberginkatu 34, 00260 Helsinki	https://qul.imgix.net/b84bcb94-b548-4b4e-8a31-b7ad3cf68594/760332_sld.jpg	Neutral
238	Tran Tinh	Hakaniemi 	Vegan Option	Lunch, Dinner	0		0	/en/place/tran-tinh-restaurant-104989/menu	Siltasaarenkatu 3-5, 00530 Helsinki	https://qul.imgix.net/bb7ab8d5-85c7-4791-b036-a6b38609f024/725185_sld.jpg	Neutral
239	Vietologie	Töölö 	Vietnamese	Lunch, Dinner	0		0	/en/place/vietologie-109409/menu	Runeberginkatu 59, 00260 Helsinki	https://qul.imgix.net/8dbd1065-eb7f-447c-83b3-3d855d6eee6e/767674_sld.jpg	Neutral
240	Mount Kailash	Jätkäsaari 	Nepalese	Lunch, Dinner, Sunday lunch	0	6.0	0	/en/place/mount-kailash-87130/menu	Tyynenmerenkatu 5, 00220 Helsinki	https://qul.imgix.net/7a55f477-91a2-40e1-a521-748a281ea07a/767819_sld.jpg	Neutral
241	Omo Omo Café	Töölö 	Cake & Coffee	Breakfast, Lunch, Brunch	0		0	/en/place/omo-omo-cafe-104491/menu	Runeberginkatu 54a, 00260 Helsinki	https://qul.imgix.net/abad3cec-6e61-48b3-93d5-0018796334f5/730522_sld.jpg	Neutral
242	Uyghur Noodle House Hakaniemi	Hakaniemi 	Asian	Lunch, Dinner	0		0	/en/place/uyghur-noodle-house-hakaniemi-109457/menu	Siltasaarenkatu 13, 00530 Helsinki	https://qul.imgix.net/e1ecfdc3-840c-4f21-b17d-d96e66aca022/768429_sld.jpg	Neutral
243	Stadin Poseidon	Katajanokka 	Drinks	Dinner	0		0	/en/place/stadin-poseidon-100325/menu	Kruunuvuorenkatu 1, 00160 Helsinki	https://qul.imgix.net/e8025b5e-f8c0-4991-bb87-486db7d532e2/679701_sld.jpg	Neutral
244	Pastelaria Brasil	Pasila 	Brazilian	Lunch, Dessert, Dinner, Sunday lunch	0	5.8	9	/en/place/pastelaria-brasil-95861/menu	Opastinsilta 2, 00520 Helsinki	https://qul.imgix.net/0a6cbb97-ecd1-403d-8158-15634f3213db/640925_sld.jpg	Neutral
245	Kubo Phở	Hakaniemi 	Vietnamese	Lunch, Dinner	0		0	/en/place/kubo-pho-107937/menu	Hämeentie 7 b, 00530 Helsinki	https://qul.imgix.net/51f5f62c-0295-46ba-9a92-f56f96df1a4c/753948_sld.jpg	Neutral
246	Caruzello By Dylan	Alppiharju 	International	Buffet, Lunch, Dinner	0	6.0	0	/en/place/caruzello-by-dylan-21556/menu	Tivolikuja  1, 00510 Helsinki	https://qul.imgix.net/4e01fb8a-e865-4c15-921d-271f941d790d/168063_sld.jpg	Neutral
247	Ravintola Siddhartha	Töölö 	Nepalese	Lunch, Dinner	0	4.0	4	/en/place/ravintola-siddhartha-106073/menu	Mannerheimintie 23, 00250 Helsinki	https://qul.imgix.net/d9dd772b-2d26-4f83-a698-3a227f74856d/767009_sld.jpg	Neutral
248	Noodle Story Ruoholahti	Ruoholahti 	Asian	Lunch, Dinner	0		0	/en/place/noodle-story-ruoholahti-108370/menu	Itämerenkatu 16, 00180 Helsinki	https://qul.imgix.net/cf494138-5a7d-4164-8275-54b83bb0bb50/756953_sld.jpg	Neutral
249	BAMBU Asian Kitchen & Bar	Kallio 	Sushi	Lunch, Dinner	0	5.0	5	/en/place/bambu-asian-kitchen-bar-102659/menu	Helsinginkatu 4B, 00500 Helsinki	https://qul.imgix.net/9d18ee7b-e4ba-4735-892a-13076abf01de/702586_sld.jpg	Neutral
250	Ravintola T49	Töölö 	Asian	Buffet, Lunch	0		0	/en/place/toolo-49-108288/menu	Töölönkatu 49, 00250 Helsinki	https://qul.imgix.net/f662a4ca-0704-4b63-b70c-fd15377a9afd/756340_sld.jpg	Neutral
251	Spasso Pizzeria	Alppiharju 	Pizza	Lunch, Dessert, Dinner	0		0	/en/place/spasso-pizzeria-23968/menu	Tivolikuja  1, 00560 Helsinki	https://qul.imgix.net/c4799217-4bbc-4ccf-960c-592eced87e1f/368283_sld.jpg	Neutral
252	Skiffer Postipuisto	Pasila 	Pizza	Lunch, Dessert, Dinner	0	5.5	14	/en/place/skiffer-postipuisto-101903/menu	Rullakkokatu 3, 00240 Helsinki	https://qul.imgix.net/29c52c8a-34af-473c-a14c-60e375ede2e5/696105_sld.jpg	Neutral
253	Ravintola Bambu Sushi	Vallila 	Japanese	Dinner	0	5.3	0	/en/place/ravintola-bambu-sushi-90742/menu	Aleksis Kiven katu 58, 00510 Helsinki	https://qul.imgix.net/0e87ccb0-4fed-4d9c-949f-dab32b9ab710/588974_sld.jpg	Neutral
254	Tian Tian Dumplings	Kallio 	Asian	Lunch, Dinner	0	3.7	0	/en/place/tian-tian-dumplings-108516/menu	Vaasankatu 6, 00500 Helsinki	https://qul.imgix.net/94bf6783-39a7-4b28-b0b7-437f580875d0/758587_sld.jpg	Neutral
255	Ravintola Sture 16	Vallila 	European	Lunch, Dessert, Dinner	0	5.0	4	/en/place/ravintola-sture-16-105300/menu	Sturenkatu 16, 00510 Helsinki	https://qul.imgix.net/7fab56b0-9fbe-4a61-a937-98905b41009a/728894_sld.jpg	Neutral
256	Kalaliike & Bistro S. Wallin	Pasila 	Fish	Lunch, Dinner	0	4.8	9	/en/place/kalaliike-bistro-s-wallin-95497/menu	Firdonkatu 1, 00520 Helsinki	https://qul.imgix.net/cd55293b-e8f4-463c-b227-ea49d4f782c9/637254_sld.jpg	Neutral
257	Chill & Grill	Alppiharju 	Pizza	Lunch, Dessert, Dinner	0		0	/en/place/chill-grill-106856/menu	Porvoonkatu 23, 00510 Helsinki	https://qul.imgix.net/c8ad3829-fda8-44a4-8e4a-320c2c825cee/743474_sld.jpg	Neutral
258	Chuan Chim Thai Kitchen	Vallila 	Thai	Lunch, Dinner	0	5.0	0	/en/place/chuan-chim-thai-kitchen-108536/menu	Aleksis Kiven katu 25, 00510 Helsinki	https://qul.imgix.net/edb47b71-f881-404e-a7b4-f31c9de532fa/759271_sld.jpg	Neutral
259	PURÉ Helsinki Ravintola	Sörnäinen 	West African	Breakfast, Lunch, Brunch, Dinner	0		0	/en/place/pure-helsinki-ravintola-109324/menu	Vilhonvuorenkatu 7-9, 00500 Helsinki	https://qul.imgix.net/ae7d34d6-8f3b-47e7-97c2-4d6056f42068/768053_sld.jpg	Neutral
260	Origin Ravintola	Sompasaari 	Asian	Lunch, Dinner	0	6.0	0	/en/place/origin-ravintola-107918/about	Aallonhalkoja 3, 00540 Helsinki	https://qul.imgix.net/ab6a5d4b-2cd7-4b7c-adf3-d0a39fcd39ce/752441_sld.jpg	Neutral
261	Supear Sushi Sandwich	Sörnäinen 	Sushi	Lunch, Dinner	0		0	/en/place/supear-sushi-sandwich-106606/menu	Kulmavuorenkatu 4, 00500 Helsinki	https://qul.imgix.net/6a5386e0-b154-4e83-87f7-10caf86415a6/740492_sld.jpg	Neutral
262	Presto Pizza Helsinki	Pasila 	Pizza	Lunch, Dinner	0	5.9	7	/en/place/presto-pizza-helsinki-100503/menu	Höyrypolku 4, 00520 Helsinki	https://qul.imgix.net/4f10ef8b-47ba-499e-a0d9-7a76ed2f7121/681392_sld.jpg	Neutral
263	Ravintola Persilja	Lauttasaari 	Mediterranean	Lunch, Dessert, Brunch, Dinner	0	5.0	9	/en/place/ravintola-persilja-105230/menu	Tallbergin puistotie 1, 00200 Helsinki	https://qul.imgix.net/7f438bcd-3378-415b-acdc-b18bf67f9b15/727507_sld.jpg	Neutral
264	Ravintola Bali	Vallila 	Indonesian	Lunch, Dinner	0	4.4	5	/en/place/ravintola-bali-107238/menu	Mäkelänkatu 22, 00510 Helsinki	https://qul.imgix.net/23002902-9b3d-4174-a84f-9f349d256586/747221_sld.jpg	Neutral
265	Ravintola Veturitallit	Pasila 	European	Dessert, Dinner	0	4.3	0	/en/place/ravintola-veturitallit-106147/about	Veturitallinkuja 34, 00520 Helsinki	https://qul.imgix.net/e0bf73a7-182e-4076-9d48-fc15c320d512/735859_sld.jpg	Neutral
266	Boneless REDI	Kalasatama 	Burgers	Lunch, Dinner	0	4.8	5	/en/place/boneless-redi-103660/menu	Hermannin rantatie 5, 00580 Helsinki	https://qul.imgix.net/c49d5a57-caa2-49b9-965a-07b628c2d348/712881_sld.jpg	Neutral
267	Larenka Ravintola	Lauttasaari 	Eat & Drink	Lunch, Dinner	0		0	/en/place/larenka-ravintola-98223/about	Pohjoiskaari 9a, 00200 Helsinki	https://qul.imgix.net/d64481a7-e4b3-4107-89ad-5160c9e08bc4/663466_sld.jpg	Neutral
268	Malai Indian Cuisine	Kalasatama 	Indian	Lunch, Dessert, Dinner	0	6.0	0	/en/place/malai-indian-cuisine-104994/menu	Hermannin rantatie 5a, 00580 Helsinki	https://qul.imgix.net/118d3c94-c7f4-43da-81bb-4d2ab916ed85/725717_sld.jpg	Neutral
269	Villa Alia	Kulosaari 	Finnish	Lunch, Brunch, Sunday lunch	0	5.3	7	/en/place/villa-alia-102352/menu	Mustikkamaankuja 1, 00570 Helsinki	https://qul.imgix.net/19498c6a-240b-4989-bec9-3b546b95af6d/698604_sld.jpg	Neutral
270	Restaurant Royal Nepal Helsinki	Vallila 	Nepalese	Lunch, Dinner	0		0	/en/place/restaurant-royal-nepal-helsinki-103206/menu	Sturenkatu 32-34, 00550 Helsinki	https://qul.imgix.net/1b870795-db9e-46b7-afd2-947226e1e3aa/708756_sld.jpg	Neutral
271	Ristorante Momento REDI	Kalasatama 	European	Lunch, Dessert, Dinner	0	4.3	0	/en/place/ristorante-momento-redi-105724/menu	Kyläsaarenkatu 25, 00580 Helsinki	https://qul.imgix.net/3e4a2fc6-a1a8-4fc8-b433-ac3b5d361a17/736784_sld.jpg	Neutral
272	Ravintola Mäkelän Kulma	Vallila 	International	Lunch, Dinner	0		0	/en/place/ravintola-makelan-kulma-107995/menu	Mäkelänkatu 45, 00550 Helsinki	https://qul.imgix.net/300b67cd-2b78-4cf2-b82b-9a72965e8b0a/753363_sld.jpg	Neutral
273	Ravintola Käpygrilli	Käpylä 	Eat & Drink	Lunch, Dessert, Dinner	0	6.0	0	/en/place/ravintola-kapygrilli-105540/menu	Osmontie 5, 00610 Helsinki	https://qul.imgix.net/2d0f409d-bdb9-4758-959c-d4b6309bb3d9/731370_sld.jpg	Neutral
274	Hilton Kalastajatorppa Breakfast	Munkkiniemi 	European	Buffet, Brunch	0	4.6	11	/en/place/hilton-kalastajatorppa-ravintola-oceana-88963/about	Kalastajatorpantie 1, 00330 Helsinki	https://qul.imgix.net/2c374d2f-f2f5-469d-b2b6-1b9149b9fcc1/570780_sld.jpg	Neutral
275	Restaurant Maharaja Lauttasaari	Lauttasaari 	Indian	Lunch, Dessert	0		0	/en/place/restaurant-maharaja-lauttasaari-104127/menu	Särkiniementie 5, 00210 Helsinki	https://qul.imgix.net/080042d5-8294-4488-a908-388aea654dff/716959_sld.jpg	Neutral
276	Old Durbar Käpylä	Käpylä 	Nepalese	Lunch, Dessert, Dinner	0	4.0	0	/en/place/old-durbar-kapyla-105535/menu	Koskelantie 5, 00610 Helsinki	https://qul.imgix.net/bc6790c6-1d12-4ed0-a384-1dbc316473f2/731193_sld.jpg	Neutral
277	Ravintola Rara	Pikku Huopalahti 	Nepalese	Lunch, Dinner	0	5.7	0	/en/place/ravintola-rara-97770/menu	Korppaanmäentie 11, 00300 Helsinki	https://qul.imgix.net/244680fa-1d56-4af5-9651-6af850379f96/655020_sld.jpg	Neutral
278	Ravintola Susav	Laajasalo 	Nepalese	Lunch, Dessert, Dinner	0	5.0	0	/en/place/ravintola-susav-104823/menu	Kultakruununkaari 1b, 00590 Helsinki	https://qul.imgix.net/37fe820e-f390-45da-b55b-612331b33e05/723800_sld.jpg	Neutral
279	Kruunu Pizzeria	Laajasalo 	Pizza	Lunch, Dessert, Dinner	0	5.0	0	/en/place/kruunu-pizzeria-100475/menu	Koirasaarentie 50, 00590 Helsinki	https://qul.imgix.net/1587661d-e939-4a4b-953f-436b15906725/681122_sld.jpg	Neutral
280	Ambra Bar & Kitchen	Viikki 	International	Lunch, Dessert, Dinner	0	5.1	25	/en/place/ambra-bar-kitchen-100154/menu	Meripihkatie 1, 00710 Helsinki	https://qul.imgix.net/5a3a6f22-f99f-4841-b69e-07e192c9edee/678086_sld.jpg	Neutral
281	Ravintola Herkku-Haarukka	Kallio 	Indian	Lunch, Dessert, Dinner	0	5.2	5	/en/place/ravintola-herkku-haarukka-105572/menu	Hämeentie 150, 00560 Helsinki	https://qul.imgix.net/c168cf8e-bd94-4566-81bf-6a3bef7f7014/731760_sld.jpg	Neutral
282	Thai Restaurant Meelom - Käpylä	Käpylä 	Thai	Buffet, Lunch, Dinner	0	5.0	4	/en/place/thai-restaurant-meelom-kapyla-96608/menu	Koskelantie 56, 00610 Helsinki	https://qul.imgix.net/f6536dd1-e266-4582-a55a-202b4a76088e/648149_sld.jpg	Neutral
283	Malati	Pasila 	Nepalese	Lunch, Dinner	0	5.0	6	/en/place/malati-105142/menu	Postiljooninkatu 6, 00240 Helsinki	https://qul.imgix.net/9ee885b0-a5c8-42bb-ac66-7b93b9aa5703/727019_sld.jpg	Neutral
284	Iisi Bistro	Vallisaari 	Nordic	Lunch, Dinner	0		0	/en/place/iisi-bistro-102690/about	Vallisaarentie 1, 00860 Helsinki	https://qul.imgix.net/0d4a0c93-5709-4982-984f-47145d96db23/702578_sld.jpg	Neutral
285	The Grill	Käpylä 	International	Lunch, Dinner	0	4.0	0	/en/place/the-grill-95107/menu	Niittylänpolku 20, 00620 Helsinki	https://qul.imgix.net/f3f14b2b-b7c6-420a-bb71-72599897e8e3/633349_sld.jpg	Neutral
286	Satama Bar & Bistro Herttoniemi	Herttoniemi 	International	Lunch, Dessert, Dinner	0	4.5	0	/en/place/satama-bar-bistro-herttoniemi-108342/about	Hitsaajankatu 22, 00810 Helsinki	https://qul.imgix.net/1e95f7c3-c3d7-4caa-bf6d-14c66afbaf69/758007_sld.jpg	Neutral
287	Seurahuone Pub Herttoniemi	Herttoniemi 	Drinks	Dinner	0	1.0	0	/en/place/seurahuone-pub-herttoniemi-100445/menu	Hiihtomäentie 14c, 00810 Helsinki	https://qul.imgix.net/43892221-353e-4ccc-9404-e58fa0ce99d6/680774_sld.jpg	Neutral
288	Noodle Story Hertsi	Herttoniemi 	Asian	Lunch, Dinner	0	5.0	0	/en/place/noodle-story-hertsi-94136/menu	Linnanrakentajantie 2, 00810 Helsinki	https://qul.imgix.net/300f74f8-10f0-4692-8f18-308a61cf6fb3/623589_sld.jpg	Neutral
289	Akhanda Nepalilainen Ravintola	Pitäjänmäki 	Nepalese	Lunch, Dinner	0	5.0	0	/en/place/akhanda-nepalilainen-ravintola-103881/menu	Valimotie 2, 00380 Helsinki	https://qul.imgix.net/a2f37188-be7f-48a5-bbac-58dbb0c089d2/714826_sld.jpg	Neutral
290	Sushisama	Oulunkylä 	Sushi	Lunch, Dinner, Sunday lunch	0	5.4	5	/en/place/sushi-sama-92555/menu	Kirkkoherrantie 8, 00650 Helsinki	https://qul.imgix.net/e96738ef-af7d-498c-88d3-1af71dcef1d3/608485_sld.jpg	Neutral
291	El Torito Restaurant & Grill	Oulunkylä 	Eat & Drink	Lunch, Dinner	0	5.0	7	/en/place/el-torito-restaurant-grill-101594/menu	Tammiontie 1, 00630 Helsinki	https://qul.imgix.net/8da22ad8-237f-4569-903b-719724291df5/691621_sld.jpg	Neutral
292	LoKal Food & Bar	Malmi 	International	Lunch, Dessert, Dinner	0	5.0	24	/en/place/lokal-food-bar-63934/menu	Pukinmäenkaari 18, 00780 Helsinki	https://qul.imgix.net/22d83798-d04c-414b-a4a8-8964e01dc315/514377_sld.jpg	Neutral
293	Ravintola Hansha	Pitäjänmäki 	Nepalese	Lunch, Dinner	0	6.0	0	/en/place/ravintola-hansha-109101/menu	Takkatie 7, 00370 Helsinki	https://qul.imgix.net/3ad81ef8-a63c-4e7f-8e8a-531a1d87e08a/764911_sld.jpg	Neutral
294	Mashiro Pukinmäki	Pukinmäki 	Sushi	Lunch, Dinner	0	6.0	0	/en/place/mashiro-pukinmaki-102443/menu	Unikkotie 3, 00720 Helsinki	https://qul.imgix.net/496103ea-0bb9-4df5-a0cd-922d7cbabe37/699411_sld.jpg	Neutral
295	Restaurant Puksu Room	Pukinmäki 	International	Buffet, Lunch, Dinner	0	6.0	0	/en/place/restaurant-puksu-room-102578/menu	Pukinmäenaukio 4, 00720 Helsinki	https://qul.imgix.net/3140b9d4-356c-44a0-9252-e024648e237d/701859_sld.jpg	Neutral
296	Backyard	Itäkeskus 	American	Lunch, Dinner	0	4.9	9	/en/place/backyard-95488/menu	Itäkatu 1-5, 00930 Helsinki	https://qul.imgix.net/72b37293-34f6-4636-ad33-bb4f763a38e6/730734_sld.jpg	Neutral
297	Mashiro Viikki	Viikki 	Japanese	Lunch, Dinner	0		0	/en/place/mashiro-viikki-107804/menu	Tilanhoitajankaari 6, 00790 Helsinki	https://qul.imgix.net/14374ace-fc19-46bd-9b2f-d412c9edccc9/752850_sld.jpg	Neutral
298	Ravintola Thai Thai	Malmi 	Thai	Lunch, Dinner	0	5.3	15	/en/place/ravintola-thai-thai-94183/menu	Vilppulantie 2, 00700 Helsinki	https://qul.imgix.net/1a4b6f6a-b090-4836-a949-80e7db591ec0/624054_sld.jpg	Neutral
299	Ravintola Fregatti	Vuosaari 	European	Lunch, Dinner	0	4.5	49	/en/place/ravintola-fregatti-70495/menu	Valkopaadentie 1, 00980 Helsinki	https://qul.imgix.net/c8ad5d6c-85a2-4bc9-8203-ee3f927cb032/623823_sld.jpg	Neutral
300	Vapiano Itis	Itäkeskus 	Italian	Lunch, Dessert, Dinner	0	4.8	8	/en/place/vapiano-itis-105076/menu	Itäkatu 1-7, 00930 Helsinki	https://qul.imgix.net/c4177cb4-9fee-471b-8d79-8c26fa8bac09/726459_sld.jpg	Neutral
301	Ravintola Nonla	Itäkeskus 	Vietnamese	Lunch, Dessert, Dinner	0	5.3	0	/en/place/ravintola-nonla-101934/about	Itäkatu 1-7, 00930 Helsinki	https://qul.imgix.net/2f506cb5-5270-4796-a19f-b1472557f586/705037_sld.jpg	Neutral
302	Ristorante Momento Itis	Itäkeskus 	European	Lunch, Dinner	0	3.3	4	/en/place/ristorante-momento-itis-105845/menu	Itäkatu 1, 00930 Helsinki	https://qul.imgix.net/d863ff1b-bdd1-47f6-8c0a-da2d36e04e62/736790_sld.jpg	Neutral
303	Ravintola Sitara	Malmi 	Fusion	Lunch	0		0	/en/place/ravintola-sitara-107239/menu	Takoraudantie 2, 00700 Helsinki	https://qul.imgix.net/d15afc06-0bca-4160-8e0f-5f18ad7cc8db/746885_sld.jpg	Neutral
304	"Bhatti ""Essence of Nepal"""	Malmi 	Nepalese	Lunch, Dinner	0		0	/en/place/bhatti-essence-of-nepal-106608/menu	Kankiraudantie 1, 00700 Helsinki	https://qul.imgix.net/5347d9af-302d-4df3-85df-335bc6459425/740248_sld.jpg	Neutral
305	Cafe Monami	Rastila 	Mediterranean	Lunch, Dessert, Dinner, Cake & Coffee	0	5.4	7	/en/place/cafe-monami-109350/menu	Karavaanikatu 4, 00980 Helsinki	https://qul.imgix.net/84775c2c-8fb6-4b1c-93dd-7490618992f2/766450_sld.jpg	Neutral
306	Ravintola Rubiini	Siltamäki 	Eat & Drink	Lunch	0		0	/en/place/ravintola-rubiini-108418/about	Jousimiehentie 30, 00740 Helsinki	https://qul.imgix.net/63af0a08-addf-401c-9205-27e05a590434/757942_sld.jpg	Neutral
307	Ragazza Pasta Bar	Vuosaari 	Pasta	Lunch, Brunch, Dinner	0	5.2	12	/en/place/ragazza-pasta-bar-107135/menu	Kahvipavunkuja 2, 00990 Helsinki	https://qul.imgix.net/b86a16aa-f289-40f1-aa5c-28cc218041e8/745414_sld.jpg	Neutral
308	Hungry Hub Vuosaari	Vuosaari 	Burgers	Lunch, Dinner	0	5.0	0	/en/place/hungry-hub-vuosaari-109236/menu	Vuotie 47b, 00990 Helsinki	https://qul.imgix.net/dbf033a4-73a8-4b99-9d72-76663ad27f56/765948_sld.jpg	Neutral
309	Ravintola Mayur	Vuosaari 	Nepalese	Lunch, Dinner	0	5.4	7	/en/place/ravintola-mayur-98156/menu	Aurinkoranta 8, 00990 Helsinki	https://qul.imgix.net/4086dc9d-50ab-4689-905e-a8ae45f009cc/658464_sld.jpg	Neutral
310	Il Treno	Mellunmäki 	International	Breakfast, Lunch, Dessert, Dinner	0	5.5	0	/en/place/il-treno-86923/menu	Pallaksentie 4, 00970 Helsinki	https://qul.imgix.net/e1bcbfa4-fbdc-4f20-b5ab-dda441f0abf9/551134_sld.jpg	Neutral
311	Daddy's Bar & Pizza Vuosaari	Vuosaari 	Pizza	Lunch, Dessert, Dinner	0	6.0	0	/en/place/daddys-bar-pizza-101156/menu	Bertha Pauligin katu 2, 00990 Helsinki	https://qul.imgix.net/e7d16ac0-4a3c-4a42-ba35-b4a437721d04/687662_sld.jpg	Neutral
312	Himalayan Herkut	Suutarila 	Asian Fusion	Buffet, Lunch, Dinner	0		0	/en/place/himalayan-herkut-108468/menu	Lampputie 1, 00740 Helsinki	https://qul.imgix.net/d5f5161c-e82c-4de2-ab5a-41c25b89d127/758879_sld.jpg	Neutral
313	Ravintola Makasiini - Grand Marina	Katajanokka 	Scandinavian	Breakfast, Dessert, Dinner	0	4.5	65	/en/place/ravintola-makasiini-scandic-grand-marina-63306/about	Katajanokanlaituri 7, 00160 Helsinki	https://qul.imgix.net/94d9e78a-cdba-4ffc-9fb5-cbbf7ee9eb9c/511226_sld.jpg	Neutral
314	Lie Mi Lunch Kitchen	Ruoholahti 	Vietnamese	Lunch, Brunch	0		0	/en/place/lie-mi-lunch-kitchen-106571/menu	Porkkalankatu 22, 00180 Helsinki	https://qul.imgix.net/d526074c-4e29-4fdb-8f8f-264a090e03db/740021_sld.jpg	Neutral
315	Krung Thep Thai Bistro Kalasatama	Kalasatama 	Thai	Lunch, Dinner	0	5.6	86	/en/place/krung-thep-thai-bistro-kalasatama-99191/about	Capellastranden 4, 00580 Helsinki	https://qul.imgix.net/abe36937-67e3-4d49-ac1f-0a1c12d9cc0c/668642_sld.jpg	Neutral
316	Ravintola Lia	Kaartinkaupunki 	Georgian	Dinner	0	5.4	295	/en/place/ravintola-lia-erottaja-91654/menu	Erottajankatu 2, 00120 Helsinki	https://qul.imgix.net/3be9799d-a236-4ffe-b687-f721c5cf8f8e/756218_sld.jpg	Neutral
317	Miljöö Bistro & Bar	Töölö 	Nordic	Lunch, Dessert, Dinner	0	5.3	412	/en/place/miljoo-bistro-bar-20682/about	Runeberginkatu 40, 00260 Helsinki	https://qul.imgix.net/7f6f811c-2019-4b5d-817d-e1e8b3437a21/722478_sld.jpg	1.0
318	Amex Exclusive: Pastis	Kaartinkaupunki 	French		0	5.2	148	/en/place/amex-exclusive-pastis-102863/about	Pieni Roobertinkatu 2, 00130 Helsinki	https://qul.imgix.net/3543517a-e450-4776-8ff8-4facea9e091d/703963_sld.jpg	Neutral
319	Ravintola Oda	Kaartinkaupunki 	Georgian	Dinner	0	5.5	98	/en/place/ravintola-oda-103254/menu	Laajalahdentie 17, 00330 Helsinki	https://qul.imgix.net/6449ab06-10ee-476b-adfd-32adea860646/708961_sld.jpg	1.0
320	Trattoria Sogno	Töölö 	Italian	Lunch, Dinner	0	4.9	1084	/en/place/trattoria-sogno-9319/menu	Runeberginkatu 60, 00260 Helsinki	https://qul.imgix.net/96d906f5-9f11-41ca-8e43-6134aa09a532/61910_sld.jpg	1.0
321	m/s Helsinki – Royal Line	Kruununhaka 	Scandinavian	Dessert, Dinner	0	4.8	330	/en/place/ms-helsinki-royal-line-88240/about	Eteläranta, Kauppatori, 00170 Helsinki	https://qul.imgix.net/20f21472-1448-436a-a49f-d6d79a81d2ad/568072_sld.jpg	1.0
322	Amex Exclusive: Ravintola Muru	City Centre 	French		0	5.3	42	/en/place/amex-exclusive-ravintola-muru-103071/about	Fredrikinkatu 41, 00120 Helsinki	https://qul.imgix.net/3f65e46b-9efe-4913-9c01-c4d64001013b/706472_sld.jpg	Neutral
323	Ravintola Wanha Mylly	Herttoniemi 	Gourmet	Lunch, Dessert, Dinner	0	5.1	580	/en/place/ravintola-wanha-mylly-8832/about	Linnanrakentajantie 12, 00810 Helsinki	https://qul.imgix.net/ef61bac4-284f-4d66-9214-3c728dab98bf/368867_sld.jpg	1.0
324	Pjazza	City Centre 	Italian	Dessert, Dinner, Cake & Coffee	0	4.6	262	/en/place/pjazza-50147/menu	Yrjönkatu 18 B, 00120 Helsinki	https://qul.imgix.net/daaed681-0c9b-4c16-a245-f950ab4b112f/614568_sld.jpg	Neutral
325	m/s Natalia – Royal Line	Kruununhaka 	Scandinavian	Buffet, Lunch, Dinner	0	4.5	199	/en/place/ms-natalia-royal-line-88255/about	Eteläranta, Kauppatori, 00170 Helsinki	https://qul.imgix.net/5e17ae99-8492-48ed-b7a1-7b971c92a428/568076_sld.jpg	1.0
326	Ravintola Willihanhi	Malminkartano 	Finnish	Lunch, Dinner	0		0	/en/place/ravintola-willihanhi-103723/menu	Puustellinpolku 8, 00410 Helsinki	https://qul.imgix.net/b438ad72-de91-4412-9ae4-3d31ac04e134/713127_sld.jpg	Neutral
327	Pyöreä Sali - Hilton Kalastajatorppa	Munkkiniemi 	International	Buffet	0	4.8	112	/en/place/pyorea-sali-hilton-kalastajatorppa-86435/about	Kalastajatorpantie 1, 00330 Helsinki	https://qul.imgix.net/68a839d3-e57d-4126-ab57-a2c6ad0233b9/547472_sld.jpg	Neutral
328	Ravintola Kokki	Itäkeskus 	Scandinavian	Lunch	0	5.3	289	/en/place/ravintola-kokki-91465/menu	Prinsessantie 2, 00820 Helsinki	https://qul.imgix.net/89b84afd-90d3-4862-a781-320c68326b22/691215_sld.jpg	Neutral
329	Monkey Rooftop Bar / Scandic Simonkenttä	City Centre 	Drinks	Dessert	0	5.4	15	/en/place/monkey-rooftop-bar-scandic-simonkentta-93501/about	Simonkatu 9, 00100 Helsinki	https://qul.imgix.net/c527e547-9a97-4ca0-86b9-ee3370114db8/617434_sld.jpg	Neutral
330	Wave Of Flavors	Vallila 	Portuguese	Lunch, Dessert, Dinner	0	5.1	17	/en/place/waves-of-flavors-105468/menu	Sturenkatu 28, 00510 Helsinki	https://qul.imgix.net/67606672-b052-42ed-9c03-2ef02a8f1074/730489_sld.jpg	Neutral
331	Villa Willinge	Laajasalo 	Nordic	Lunch, Dinner	0	5.5	32	/en/place/villa-willinge-107233/menu	Villinginsalmenpolku 1, 00850 Helsinki	https://qul.imgix.net/768485dc-be11-4c2f-99b8-66791d2b368a/746207_sld.jpg	Neutral
332	Ravintola Kuunari Kathrina	Kruununhaka 	Finnish	Dessert, Dinner	0	5.8	4	/en/place/ravintola-kuunari-kathrina-100993/menu	Eteläranta Kauppatori Kolera-allas, 00170 Helsinki	https://qul.imgix.net/4fd792f1-ed3d-4195-9b72-e1e1da11c464/686729_sld.jpg	Neutral
333	Ravintola Töölö Juhlasali	Töölö 	International	Buffet, Dessert	0	4.5	6	/en/place/ravintola-toolo-juhlasali-88616/about	Runeberginkatu 14-16, 00100 Helsinki	https://qul.imgix.net/bae39cf5-8cdc-4ba7-bf22-606ab6dea17e/566943_sld.jpg	Neutral
334	Helka	Kamppi 	Eat & Drink		0		0	/en/place/helka-102845/about	Pohjoinen Rautatiekatu 23, 00100 Helsinki	https://qul.imgix.net/3f74b753-4c9b-4f1b-8b80-8617b0243bfe/703814_sld.jpg	Neutral
335	Bistro Telakka	Lauttasaari 	International	Lunch, Dessert, Dinner	0	5.1	12	/en/place/bistro-telakka-92514/menu	Vattuniemenranta 5, 00210 Helsinki	https://qul.imgix.net/493e1933-ef81-492a-b0c4-94cd9249c275/611746_sld.jpg	Neutral
336	Royal Caviar Breakfast – Finlandia Caviar	Eteläranta 	Finnish	Breakfast	0		0	/en/place/royal-caviar-breakfast-finlandia-caviar-107118/menu	Eteläesplanadi 2, 00130 Helsinki	https://qul.imgix.net/e7e1a764-fcc0-455b-81b3-f6565c1b546c/745051_sld.jpg	Neutral
337	Black Sea Kitchen	Kaartinkaupunki 	Georgian	Lunch, Dinner	0		0	/en/place/black-sea-kitchen-109077/about	Eteläinen Makasiinikatu 4, 00130 Helsinki	https://qul.imgix.net/7ff8b6cf-ecff-46b2-8c60-6f15cad83372/763485_sld.jpg	Neutral
338	Mad Finn Brewing Co. Taproom Helsinki	Sompasaari 	Pizza	Dinner	0	6.0	0	/en/place/mad-finn-brewing-co-taproom-helsinki-108006/menu	Sompasaarenlaituri 12, 00540 Helsinki	https://qul.imgix.net/ed95a73a-4256-4b25-b2e7-459f47b73737/753303_sld.jpg	Neutral
339	Kahvila Mutteri	Lauttasaari 	Dessert	Cake & Coffee	0		0	/en/place/kahvila-mutteri-100773/menu	Lauttasaarentie 2, 00200 Helsinki	https://qul.imgix.net/2df94a67-0291-4182-aa7f-17bb6917c905/684360_sld.jpg	Neutral
340	Merisali - Hilton Kalastajatorppa	Munkkiniemi 	Scandinavian	Buffet, Dinner	0	5.0	0	/en/place/merisali-hilton-kalastajatorppa-92005/about	Kalastajatorpantie 1, 00330 Helsinki	https://qul.imgix.net/9ff5b034-a390-4bb9-8388-0fded33f8425/602715_sld.jpg	Neutral
341	m/s King – Royal Line	Vuosaari 	Scandinavian	Buffet, Dinner	0	5.0	5	/en/place/ms-king-royal-line-102408/menu	Hiekkalaiturintie 2, 00980 Helsinki	https://qul.imgix.net/acdc83df-5c97-43b2-8d39-a96f80ad0cf7/699187_sld.jpg	Neutral
